{
  "mae": 63.836145333706185,
  "rmse": 115.65934727545792,
  "r2": 0.7141755712629274,
  "mape": 22.51664713165093,
  "train_rows": 14520,
  "test_rows": 4131,
  "target_column": "next_price_rs_kg",
  "target_statistics": {
    "min": 6.8,
    "max": 2030.0,
    "mean": 196.99577355722425,
    "median": 154.0,
    "std": 154.28727538549293
  },
  "train_test_split": "time-aware 80/20 by target period",
  "model": "RandomForestRegressor"
}