image_path,district,season,crop_type,ph,nitrogen,phosphorus,potassium,moisture,organicMatter
images/sample_0001.ppm,Polonnaruwa,Maha,Paddy,7.05,84.28,19.99,59.62,21.75,1.75
images/sample_0002.ppm,Colombo,Maha,Cabbage,7.07,131.25,35.55,63.88,30.56,4.15
images/sample_0003.ppm,Puttalam,Yala,Tomato,6.46,179.4,34.87,92.49,44.72,5.76
images/sample_0004.ppm,Mannar,Yala,Maize,4.93,141.46,29.46,85.86,39.82,4.04
images/sample_0005.ppm,Anuradhapura,Yala,Tomato,6.88,145.36,27.63,99.44,42.01,2.91
images/sample_0006.ppm,Moneragala,Inter-monsoon,Tomato,5.96,102.21,29.63,53.7,13.36,4.59
images/sample_0007.ppm,Moneragala,Inter-monsoon,Carrot,7.66,183.66,30.47,112.46,52.79,4.31
images/sample_0008.ppm,Batticaloa,Maha,Cabbage,5.21,87.39,27.43,40.57,11.23,2.68
images/sample_0009.ppm,Ampara,Maha,Cabbage,5.54,145.56,21.46,91.5,43.21,2.65
images/sample_0010.ppm,Hambantota,Yala,Cabbage,6.94,152.67,35.95,76.44,31.79,4.71
images/sample_0011.ppm,Kilinochchi,Inter-monsoon,Paddy,6.81,128.28,23.14,85.7,36.04,3.23
images/sample_0012.ppm,Kandy,Inter-monsoon,Chilli,7.43,74.12,20.18,54.52,11.72,1.37
images/sample_0013.ppm,Ratnapura,Yala,Paddy,7.74,140.42,23.13,93.78,41.6,2.48
images/sample_0014.ppm,Puttalam,Yala,Carrot,5.16,105.25,19.06,74.89,28.94,2.43
images/sample_0015.ppm,Vavuniya,Maha,Paddy,5.7,208.0,44.5,103.26,57.23,6.33
images/sample_0016.ppm,Ratnapura,Yala,Potato,7.78,139.42,21.13,83.64,35.47,3.45
images/sample_0017.ppm,Matara,Inter-monsoon,Cabbage,5.03,120.63,27.67,63.1,28.97,4.24
images/sample_0018.ppm,Colombo,Inter-monsoon,Maize,5.41,167.3,30.2,95.53,47.1,3.67
images/sample_0019.ppm,Kilinochchi,Inter-monsoon,Carrot,7.26,175.65,38.72,89.84,42.17,5.48
images/sample_0020.ppm,Polonnaruwa,Yala,Banana,5.3,139.67,32.16,66.18,23.77,5.48
images/sample_0021.ppm,Matara,Yala,Maize,7.01,111.44,30.65,42.75,13.79,4.25
images/sample_0022.ppm,Trincomalee,Maha,Chilli,6.4,160.31,18.98,100.5,53.85,1.64
images/sample_0023.ppm,Polonnaruwa,Yala,Maize,6.36,121.87,41.52,57.99,18.09,6.08
images/sample_0024.ppm,Jaffna,Inter-monsoon,Carrot,7.12,120.65,20.77,68.51,27.56,3.16
images/sample_0025.ppm,Trincomalee,Inter-monsoon,Paddy,6.63,134.95,32.55,54.13,22.75,4.54
images/sample_0026.ppm,Hambantota,Yala,Cabbage,6.94,152.86,27.65,100.25,43.13,3.64
images/sample_0027.ppm,Kalutara,Yala,Chilli,7.48,97.98,31.05,46.94,16.44,3.72
images/sample_0028.ppm,Mullaitivu,Maha,Paddy,6.13,146.52,33.11,102.13,43.62,3.92
images/sample_0029.ppm,Moneragala,Yala,Tomato,7.36,136.97,38.04,64.03,24.44,4.82
images/sample_0030.ppm,Moneragala,Inter-monsoon,Paddy,6.42,152.16,9.86,90.56,50.28,1.4
images/sample_0031.ppm,Mullaitivu,Maha,Paddy,5.57,185.2,29.9,115.22,53.26,4.74
images/sample_0032.ppm,Nuwara Eliya,Yala,Potato,4.94,149.23,35.81,81.63,29.86,5.21
images/sample_0033.ppm,Kurunegala,Inter-monsoon,Chilli,5.3,96.93,19.35,60.1,24.54,2.36
images/sample_0034.ppm,Badulla,Inter-monsoon,Maize,7.22,125.49,18.86,83.41,35.77,2.98
images/sample_0035.ppm,Ratnapura,Inter-monsoon,Potato,5.38,80.86,13.74,47.74,16.68,2.12
images/sample_0036.ppm,Ratnapura,Maha,Cabbage,5.36,167.57,17.9,105.34,54.77,2.48
images/sample_0037.ppm,Badulla,Maha,Cabbage,7.16,176.57,34.64,91.1,43.14,5.58
images/sample_0038.ppm,Mullaitivu,Maha,Carrot,5.36,187.01,33.7,101.98,47.12,5.83
images/sample_0039.ppm,Vavuniya,Maha,Tomato,5.34,151.34,15.51,112.4,54.76,1.13
images/sample_0040.ppm,Vavuniya,Inter-monsoon,Maize,5.35,101.95,26.74,63.06,17.89,3.52
images/sample_0041.ppm,Galle,Yala,Cabbage,6.19,113.55,32.23,51.67,17.13,4.32
images/sample_0042.ppm,Nuwara Eliya,Yala,Tomato,6.83,164.29,21.34,92.54,49.09,3.04
images/sample_0043.ppm,Ampara,Yala,Cabbage,7.66,76.97,20.77,47.38,13.56,1.92
images/sample_0044.ppm,Mannar,Maha,Cabbage,6.18,134.76,32.52,64.28,22.64,5.52
images/sample_0045.ppm,Ampara,Inter-monsoon,Potato,5.23,110.23,34.69,42.97,17.18,4.06
images/sample_0046.ppm,Matara,Yala,Banana,7.16,134.69,33.67,72.17,35.17,4.07
images/sample_0047.ppm,Jaffna,Inter-monsoon,Cabbage,6.97,153.09,25.17,91.17,44.05,2.49
images/sample_0048.ppm,Puttalam,Yala,Maize,5.54,129.56,42.33,54.26,20.72,5.71
images/sample_0049.ppm,Matara,Yala,Potato,7.48,182.92,21.13,105.82,57.78,2.85
images/sample_0050.ppm,Batticaloa,Maha,Paddy,4.93,107.4,36.08,60.97,16.64,4.49
images/sample_0051.ppm,Hambantota,Inter-monsoon,Potato,6.07,117.46,25.47,65.76,21.28,3.48
images/sample_0052.ppm,Gampaha,Maha,Cabbage,6.89,160.27,22.65,100.24,54.22,1.72
images/sample_0053.ppm,Moneragala,Inter-monsoon,Potato,5.17,91.64,17.51,50.74,20.62,2.15
images/sample_0054.ppm,Moneragala,Yala,Banana,5.76,205.79,42.07,114.92,52.57,6.21
images/sample_0055.ppm,Nuwara Eliya,Maha,Tomato,5.82,133.73,31.53,74.89,31.63,4.33
images/sample_0056.ppm,Kegalle,Yala,Chilli,7.56,150.15,9.58,114.77,52.31,1.22
images/sample_0057.ppm,Galle,Inter-monsoon,Cabbage,5.39,178.65,33.92,87.69,42.91,5.98
images/sample_0058.ppm,Kandy,Yala,Carrot,5.21,128.73,30.07,73.1,30.45,4.16
images/sample_0059.ppm,Jaffna,Yala,Carrot,6.84,100.14,21.26,79.41,29.46,2.08
images/sample_0060.ppm,Puttalam,Maha,Chilli,7.73,157.03,20.24,84.92,43.52,3.48
images/sample_0061.ppm,Matale,Inter-monsoon,Maize,6.2,115.46,28.52,59.76,26.06,2.95
images/sample_0062.ppm,Trincomalee,Maha,Cabbage,7.63,124.2,10.67,81.85,43.63,1.43
images/sample_0063.ppm,Jaffna,Inter-monsoon,Chilli,5.44,69.31,10.84,33.65,10.93,1.27
images/sample_0064.ppm,Puttalam,Inter-monsoon,Carrot,7.6,178.15,32.51,117.2,57.85,4.38
images/sample_0065.ppm,Kilinochchi,Maha,Chilli,7.12,91.2,19.02,43.22,17.4,2.53
images/sample_0066.ppm,Vavuniya,Inter-monsoon,Carrot,6.86,141.67,28.72,92.68,43.72,3.31
images/sample_0067.ppm,Colombo,Yala,Maize,6.28,155.88,27.37,93.23,45.78,3.96
images/sample_0068.ppm,Moneragala,Yala,Banana,6.92,155.0,24.08,83.74,42.08,3.03
images/sample_0069.ppm,Matara,Yala,Paddy,6.71,199.8,32.57,105.48,52.18,5.81
images/sample_0070.ppm,Kurunegala,Maha,Cabbage,7.66,113.46,28.53,49.92,20.68,4.63
images/sample_0071.ppm,Gampaha,Maha,Cabbage,4.94,143.67,28.48,76.69,33.89,3.69
images/sample_0072.ppm,Colombo,Inter-monsoon,Chilli,6.41,140.54,28.34,91.08,40.33,3.66
images/sample_0073.ppm,Moneragala,Maha,Potato,5.44,112.26,39.44,54.03,15.61,5.22
images/sample_0074.ppm,Colombo,Inter-monsoon,Cabbage,6.56,105.83,22.42,43.45,18.22,2.68
images/sample_0075.ppm,Kegalle,Yala,Chilli,7.35,110.34,23.07,59.25,23.55,2.88
images/sample_0076.ppm,Mannar,Maha,Tomato,6.88,133.6,26.87,73.55,25.2,4.08
images/sample_0077.ppm,Hambantota,Yala,Maize,6.88,147.18,34.32,80.59,35.88,4.13
images/sample_0078.ppm,Hambantota,Yala,Banana,7.22,151.15,18.56,112.62,51.38,2.85
images/sample_0079.ppm,Moneragala,Maha,Paddy,7.31,60.88,15.31,35.68,10.57,1.53
images/sample_0080.ppm,Ampara,Inter-monsoon,Chilli,6.29,147.64,28.48,64.05,29.39,4.93
images/sample_0081.ppm,Puttalam,Yala,Carrot,5.25,151.61,34.12,83.95,42.84,3.95
images/sample_0082.ppm,Kalutara,Yala,Potato,4.91,92.51,11.62,54.93,21.31,1.63
images/sample_0083.ppm,Colombo,Inter-monsoon,Paddy,6.11,127.13,41.07,42.55,12.12,6.35
images/sample_0084.ppm,Batticaloa,Yala,Cabbage,6.21,138.61,37.87,75.93,27.67,4.64
images/sample_0085.ppm,Colombo,Maha,Tomato,5.24,184.21,27.76,106.06,57.7,4.1
images/sample_0086.ppm,Vavuniya,Yala,Tomato,4.97,141.31,20.78,80.02,35.84,3.41
images/sample_0087.ppm,Polonnaruwa,Inter-monsoon,Cabbage,6.11,139.83,27.92,71.51,33.61,4.71
images/sample_0088.ppm,Colombo,Inter-monsoon,Cabbage,5.98,136.49,18.0,68.32,33.28,2.84
images/sample_0089.ppm,Mullaitivu,Yala,Carrot,5.37,142.76,34.48,68.23,34.03,4.93
images/sample_0090.ppm,Gampaha,Maha,Chilli,7.62,102.4,15.63,65.18,27.64,1.07
images/sample_0091.ppm,Kegalle,Yala,Carrot,5.08,121.54,20.5,85.36,38.34,1.69
images/sample_0092.ppm,Matara,Yala,Banana,7.45,141.64,27.7,89.75,40.14,3.79
images/sample_0093.ppm,Jaffna,Maha,Carrot,6.28,117.62,26.69,57.24,27.65,2.66
images/sample_0094.ppm,Moneragala,Inter-monsoon,Carrot,6.21,72.69,16.22,49.37,11.31,1.28
images/sample_0095.ppm,Jaffna,Yala,Chilli,6.01,107.7,22.91,77.04,30.7,2.12
images/sample_0096.ppm,Vavuniya,Yala,Carrot,6.16,118.64,39.3,54.1,17.92,4.98
images/sample_0097.ppm,Kalutara,Inter-monsoon,Banana,5.94,85.36,22.84,45.45,14.61,2.98
images/sample_0098.ppm,Puttalam,Maha,Potato,6.45,62.95,16.2,45.64,10.28,1.63
images/sample_0099.ppm,Kalutara,Inter-monsoon,Maize,6.83,89.12,14.03,48.45,16.2,2.08
images/sample_0100.ppm,Anuradhapura,Yala,Paddy,6.81,160.59,40.1,91.88,40.79,5.87
images/sample_0101.ppm,Jaffna,Inter-monsoon,Chilli,6.75,202.82,35.32,110.92,57.83,4.72
images/sample_0102.ppm,Colombo,Inter-monsoon,Carrot,5.16,151.97,35.53,82.44,39.99,4.37
images/sample_0103.ppm,Jaffna,Maha,Maize,7.74,121.2,24.43,72.41,36.01,2.54
images/sample_0104.ppm,Trincomalee,Inter-monsoon,Cabbage,7.45,117.78,32.0,65.98,20.12,3.73
images/sample_0105.ppm,Puttalam,Inter-monsoon,Banana,5.09,73.43,15.86,44.26,16.16,1.35
images/sample_0106.ppm,Ampara,Inter-monsoon,Maize,6.62,180.51,38.68,98.36,50.36,5.88
images/sample_0107.ppm,Batticaloa,Yala,Tomato,5.78,133.47,41.22,68.79,21.53,5.37
images/sample_0108.ppm,Badulla,Yala,Maize,5.75,129.13,25.86,71.13,34.08,3.95
images/sample_0109.ppm,Mullaitivu,Maha,Cabbage,7.64,116.7,34.05,39.91,10.46,5.38
images/sample_0110.ppm,Nuwara Eliya,Maha,Potato,5.62,184.67,38.72,98.84,53.2,4.96
images/sample_0111.ppm,Galle,Maha,Maize,5.41,107.37,36.06,39.19,15.96,5.0
images/sample_0112.ppm,Matale,Maha,Banana,5.63,93.29,20.96,57.17,14.55,2.75
images/sample_0113.ppm,Badulla,Yala,Maize,7.67,132.87,36.58,37.57,12.5,6.36
images/sample_0114.ppm,Kilinochchi,Yala,Maize,6.4,111.93,22.09,50.24,19.06,3.28
images/sample_0115.ppm,Kegalle,Yala,Chilli,6.39,127.72,18.61,84.62,41.69,1.02
images/sample_0116.ppm,Kilinochchi,Inter-monsoon,Paddy,5.8,125.42,17.64,89.45,38.32,2.03
images/sample_0117.ppm,Ratnapura,Inter-monsoon,Potato,5.18,144.97,30.05,73.84,25.52,5.27
images/sample_0118.ppm,Moneragala,Maha,Potato,7.26,96.68,32.55,42.17,10.95,4.0
images/sample_0119.ppm,Badulla,Yala,Maize,5.95,118.07,17.61,54.23,26.01,2.48
images/sample_0120.ppm,Matara,Inter-monsoon,Paddy,6.66,197.54,32.41,104.4,56.3,4.64
images/sample_0121.ppm,Ampara,Maha,Cabbage,5.56,114.54,17.81,76.32,28.98,2.62
images/sample_0122.ppm,Hambantota,Inter-monsoon,Banana,7.01,87.0,18.27,58.88,18.97,2.52
images/sample_0123.ppm,Trincomalee,Yala,Tomato,6.45,82.96,19.33,60.68,17.38,1.69
images/sample_0124.ppm,Matale,Maha,Chilli,5.43,120.0,37.32,59.37,18.88,5.66
images/sample_0125.ppm,Matale,Maha,Maize,5.55,156.26,19.11,106.8,55.91,2.52
images/sample_0126.ppm,Kurunegala,Inter-monsoon,Chilli,6.46,131.44,23.28,81.19,33.64,3.9
images/sample_0127.ppm,Galle,Maha,Carrot,6.78,77.53,17.51,62.65,19.35,1.59
images/sample_0128.ppm,Colombo,Inter-monsoon,Chilli,5.13,166.15,36.57,90.07,40.05,6.15
images/sample_0129.ppm,Kegalle,Maha,Potato,6.37,139.66,39.24,63.1,22.62,5.73
images/sample_0130.ppm,Jaffna,Maha,Paddy,5.17,170.81,18.79,102.6,53.28,2.85
images/sample_0131.ppm,Batticaloa,Inter-monsoon,Chilli,6.36,182.03,28.51,105.11,48.68,4.61
images/sample_0132.ppm,Jaffna,Maha,Maize,5.12,183.32,34.04,108.31,50.54,5.93
images/sample_0133.ppm,Jaffna,Inter-monsoon,Potato,5.75,185.36,29.52,90.18,49.68,4.48
images/sample_0134.ppm,Moneragala,Inter-monsoon,Paddy,5.88,98.8,25.39,37.79,10.78,3.54
images/sample_0135.ppm,Vavuniya,Inter-monsoon,Carrot,7.11,108.64,25.99,72.57,24.97,3.45
images/sample_0136.ppm,Kilinochchi,Maha,Tomato,7.03,151.65,24.17,100.98,52.22,2.45
images/sample_0137.ppm,Ratnapura,Yala,Carrot,5.5,118.92,34.34,42.46,14.29,5.97
images/sample_0138.ppm,Kegalle,Yala,Carrot,6.14,113.21,25.45,81.33,30.18,3.22
images/sample_0139.ppm,Batticaloa,Yala,Potato,7.26,83.69,19.83,53.44,17.11,2.53
images/sample_0140.ppm,Kandy,Inter-monsoon,Carrot,6.6,131.99,17.87,94.84,49.83,1.36
images/sample_0141.ppm,Vavuniya,Yala,Maize,5.89,183.4,40.42,83.31,42.75,6.17
images/sample_0142.ppm,Trincomalee,Inter-monsoon,Maize,7.47,120.02,12.09,75.4,32.98,1.7
images/sample_0143.ppm,Moneragala,Maha,Chilli,6.95,195.29,37.74,95.22,49.04,5.85
images/sample_0144.ppm,Hambantota,Maha,Paddy,5.71,153.02,24.15,85.65,42.76,2.48
images/sample_0145.ppm,Kalutara,Inter-monsoon,Paddy,5.36,128.15,33.61,46.61,12.14,6.02
images/sample_0146.ppm,Matale,Inter-monsoon,Maize,5.27,94.98,31.2,35.37,11.64,3.33
images/sample_0147.ppm,Colombo,Yala,Maize,7.71,170.82,29.0,91.3,48.57,5.02
images/sample_0148.ppm,Matale,Yala,Potato,6.89,74.3,24.95,41.08,11.39,2.45
images/sample_0149.ppm,Kurunegala,Inter-monsoon,Cabbage,6.3,169.45,22.38,106.29,53.57,3.88
images/sample_0150.ppm,Colombo,Yala,Tomato,7.23,173.34,23.27,103.18,55.7,3.0
images/sample_0151.ppm,Matara,Yala,Maize,7.46,203.11,44.04,106.29,50.43,6.16
images/sample_0152.ppm,Vavuniya,Inter-monsoon,Banana,7.01,90.17,22.01,47.17,14.03,3.39
images/sample_0153.ppm,Mullaitivu,Maha,Potato,5.91,173.93,37.96,99.46,48.92,5.3
images/sample_0154.ppm,Badulla,Yala,Banana,7.22,102.76,13.6,82.46,32.02,1.89
images/sample_0155.ppm,Batticaloa,Inter-monsoon,Potato,7.23,84.11,20.75,40.89,10.59,2.72
images/sample_0156.ppm,Polonnaruwa,Inter-monsoon,Maize,7.33,102.42,13.61,67.87,30.8,1.63
images/sample_0157.ppm,Kandy,Yala,Maize,6.83,164.11,31.01,91.17,42.97,4.42
images/sample_0158.ppm,Galle,Yala,Maize,7.23,197.33,34.63,106.22,50.22,5.71
images/sample_0159.ppm,Mannar,Inter-monsoon,Cabbage,6.55,150.86,32.03,77.66,38.53,5.11
images/sample_0160.ppm,Ratnapura,Inter-monsoon,Tomato,5.56,150.52,15.38,87.75,44.43,1.96
images/sample_0161.ppm,Mannar,Yala,Banana,5.46,81.79,17.36,54.69,15.22,2.25
images/sample_0162.ppm,Moneragala,Inter-monsoon,Cabbage,6.51,167.11,35.78,108.0,49.23,4.72
images/sample_0163.ppm,Kegalle,Inter-monsoon,Banana,5.45,84.65,22.29,61.46,17.12,2.67
images/sample_0164.ppm,Trincomalee,Yala,Potato,5.45,193.69,32.73,103.4,57.29,5.32
images/sample_0165.ppm,Matale,Inter-monsoon,Tomato,5.26,145.87,37.73,83.42,34.71,5.35
images/sample_0166.ppm,Ampara,Maha,Carrot,6.42,166.27,23.57,97.89,47.44,4.04
images/sample_0167.ppm,Nuwara Eliya,Yala,Tomato,7.42,180.97,35.76,91.92,41.92,5.52
images/sample_0168.ppm,Vavuniya,Maha,Tomato,6.52,183.53,34.44,109.36,51.45,4.5
images/sample_0169.ppm,Moneragala,Maha,Cabbage,4.98,115.22,37.2,55.84,20.77,4.75
images/sample_0170.ppm,Kegalle,Maha,Cabbage,6.55,194.82,33.53,113.7,55.47,4.93
images/sample_0171.ppm,Badulla,Yala,Chilli,7.08,115.43,19.56,69.03,35.15,1.11
images/sample_0172.ppm,Mullaitivu,Inter-monsoon,Potato,7.1,129.2,24.32,82.75,40.87,2.53
images/sample_0173.ppm,Kilinochchi,Yala,Tomato,7.27,143.95,28.79,80.46,33.43,4.24
images/sample_0174.ppm,Kilinochchi,Maha,Paddy,7.26,134.0,18.12,97.75,46.9,1.65
images/sample_0175.ppm,Matara,Maha,Tomato,5.53,100.89,20.57,57.37,19.17,2.05
images/sample_0176.ppm,Mannar,Inter-monsoon,Banana,6.2,96.53,25.16,38.9,10.95,3.66
images/sample_0177.ppm,Mullaitivu,Maha,Cabbage,6.0,155.86,25.92,110.46,53.42,3.05
images/sample_0178.ppm,Vavuniya,Maha,Tomato,5.44,138.82,42.7,66.18,25.43,6.36
images/sample_0179.ppm,Kurunegala,Maha,Chilli,7.71,110.96,38.07,44.79,12.87,6.19
images/sample_0180.ppm,Kegalle,Inter-monsoon,Chilli,6.53,186.81,37.85,105.86,47.62,6.17
images/sample_0181.ppm,Colombo,Yala,Maize,7.59,74.19,18.63,42.1,16.72,1.55
images/sample_0182.ppm,Mannar,Maha,Chilli,6.65,148.75,23.77,77.82,41.27,3.76
images/sample_0183.ppm,Kegalle,Maha,Cabbage,6.11,117.2,32.46,37.38,11.07,5.16
images/sample_0184.ppm,Mullaitivu,Yala,Carrot,6.26,119.03,24.44,65.9,26.68,2.58
images/sample_0185.ppm,Kegalle,Maha,Cabbage,6.93,164.18,19.14,107.16,51.34,3.07
images/sample_0186.ppm,Nuwara Eliya,Inter-monsoon,Paddy,6.17,123.63,33.11,71.66,27.6,4.77
images/sample_0187.ppm,Kurunegala,Inter-monsoon,Paddy,6.11,159.87,36.24,71.32,36.96,4.8
images/sample_0188.ppm,Kilinochchi,Yala,Cabbage,7.6,118.39,17.63,65.8,32.04,2.84
images/sample_0189.ppm,Kurunegala,Inter-monsoon,Chilli,6.18,154.97,22.58,95.13,45.48,3.08
images/sample_0190.ppm,Kalutara,Maha,Potato,5.71,155.42,19.89,101.05,53.97,2.24
images/sample_0191.ppm,Matara,Yala,Potato,6.5,177.43,39.93,93.72,44.86,5.8
images/sample_0192.ppm,Kurunegala,Inter-monsoon,Paddy,6.83,154.51,40.19,72.82,36.3,5.04
images/sample_0193.ppm,Puttalam,Maha,Carrot,7.59,89.46,23.56,55.62,12.73,3.19
images/sample_0194.ppm,Kalutara,Inter-monsoon,Potato,6.11,200.08,37.5,101.62,54.66,5.29
images/sample_0195.ppm,Nuwara Eliya,Maha,Potato,7.13,143.93,15.38,89.03,45.1,1.21
images/sample_0196.ppm,Batticaloa,Inter-monsoon,Chilli,6.38,147.94,28.74,66.67,33.1,4.32
images/sample_0197.ppm,Nuwara Eliya,Inter-monsoon,Maize,6.62,138.31,31.89,66.71,32.72,3.99
images/sample_0198.ppm,Kalutara,Inter-monsoon,Maize,7.25,149.84,26.99,81.68,36.35,4.12
images/sample_0199.ppm,Polonnaruwa,Inter-monsoon,Maize,7.7,118.63,30.17,48.93,21.94,4.84
images/sample_0200.ppm,Galle,Yala,Paddy,6.27,135.97,12.66,89.85,46.61,1.35
images/sample_0201.ppm,Kandy,Maha,Carrot,5.93,161.85,27.35,97.02,46.43,3.88
images/sample_0202.ppm,Kurunegala,Inter-monsoon,Carrot,7.61,154.65,31.67,105.82,46.16,4.0
images/sample_0203.ppm,Hambantota,Inter-monsoon,Banana,5.67,145.69,34.2,87.96,34.97,4.0
images/sample_0204.ppm,Ampara,Maha,Paddy,7.4,126.41,18.45,96.08,44.71,1.45
images/sample_0205.ppm,Kegalle,Inter-monsoon,Carrot,5.16,136.52,19.48,84.83,44.75,2.49
images/sample_0206.ppm,Vavuniya,Yala,Cabbage,7.41,83.15,26.65,40.52,12.03,3.18
images/sample_0207.ppm,Gampaha,Maha,Potato,6.77,155.0,8.71,103.65,57.97,1.21
images/sample_0208.ppm,Mullaitivu,Yala,Maize,6.46,105.45,28.38,59.16,20.84,3.14
images/sample_0209.ppm,Trincomalee,Inter-monsoon,Banana,6.08,120.87,26.79,47.51,20.17,4.48
images/sample_0210.ppm,Hambantota,Inter-monsoon,Banana,6.81,123.74,11.08,70.48,36.94,1.09
images/sample_0211.ppm,Anuradhapura,Yala,Potato,7.14,179.82,33.26,106.26,51.42,3.82
images/sample_0212.ppm,Puttalam,Maha,Maize,6.65,76.15,13.23,41.32,10.02,1.61
images/sample_0213.ppm,Mullaitivu,Inter-monsoon,Potato,6.07,154.43,11.26,115.69,54.5,1.64
images/sample_0214.ppm,Badulla,Inter-monsoon,Chilli,6.34,124.94,25.5,88.46,35.55,3.08
images/sample_0215.ppm,Kalutara,Yala,Tomato,4.92,134.73,35.45,70.22,24.72,4.37
images/sample_0216.ppm,Mullaitivu,Inter-monsoon,Chilli,6.53,170.46,30.73,81.5,39.04,5.51
images/sample_0217.ppm,Matara,Maha,Potato,6.51,81.28,20.22,54.66,18.74,1.54
images/sample_0218.ppm,Mannar,Maha,Chilli,5.41,115.92,21.84,67.69,31.94,2.16
images/sample_0219.ppm,Kandy,Maha,Chilli,7.1,178.99,35.87,113.55,53.71,4.88
images/sample_0220.ppm,Trincomalee,Inter-monsoon,Carrot,6.83,77.79,23.18,47.91,14.44,2.07
images/sample_0221.ppm,Vavuniya,Yala,Tomato,5.47,149.1,34.55,84.34,39.9,4.94
images/sample_0222.ppm,Badulla,Yala,Potato,7.4,69.37,16.97,45.91,11.07,2.23
images/sample_0223.ppm,Matale,Maha,Potato,6.4,149.04,29.75,79.05,36.13,3.79
images/sample_0224.ppm,Matara,Maha,Banana,6.93,120.54,12.92,73.56,32.8,1.17
images/sample_0225.ppm,Ratnapura,Yala,Banana,7.46,184.3,36.6,92.19,50.71,6.16
images/sample_0226.ppm,Jaffna,Maha,Potato,5.23,130.89,24.06,71.48,30.5,3.67
images/sample_0227.ppm,Anuradhapura,Maha,Cabbage,5.69,166.62,24.54,103.0,47.81,3.25
images/sample_0228.ppm,Batticaloa,Inter-monsoon,Banana,6.99,133.68,14.6,86.88,42.62,1.32
images/sample_0229.ppm,Kurunegala,Maha,Banana,5.24,93.96,17.72,62.17,17.3,1.98
images/sample_0230.ppm,Gampaha,Maha,Chilli,5.73,159.84,34.57,89.37,35.79,5.13
images/sample_0231.ppm,Matara,Yala,Maize,7.34,98.9,23.04,75.89,26.58,1.93
images/sample_0232.ppm,Mullaitivu,Maha,Banana,6.4,115.5,19.69,70.74,34.7,1.27
images/sample_0233.ppm,Puttalam,Maha,Paddy,4.91,183.55,44.14,102.95,45.2,6.37
images/sample_0234.ppm,Moneragala,Inter-monsoon,Potato,5.36,162.42,35.73,85.97,39.13,5.24
images/sample_0235.ppm,Trincomalee,Maha,Maize,6.73,118.24,30.26,46.97,20.54,4.8
images/sample_0236.ppm,Mannar,Maha,Potato,6.62,125.87,18.18,97.25,42.66,1.02
images/sample_0237.ppm,Colombo,Yala,Paddy,6.08,107.32,27.69,53.91,23.1,3.95
images/sample_0238.ppm,Kalutara,Maha,Chilli,5.19,105.79,19.7,62.98,31.26,2.03
images/sample_0239.ppm,Hambantota,Maha,Paddy,6.04,155.14,32.53,63.19,32.01,5.1
images/sample_0240.ppm,Moneragala,Yala,Carrot,7.39,149.43,16.77,101.28,51.31,1.47
images/sample_0241.ppm,Matara,Maha,Paddy,7.08,183.5,42.13,101.05,47.11,5.95
images/sample_0242.ppm,Batticaloa,Maha,Carrot,6.98,100.82,30.11,40.37,11.99,5.19
images/sample_0243.ppm,Gampaha,Maha,Potato,6.31,130.87,21.92,84.58,34.05,2.98
images/sample_0244.ppm,Ratnapura,Maha,Maize,5.13,186.59,35.88,98.3,50.05,5.58
images/sample_0245.ppm,Batticaloa,Yala,Carrot,7.47,126.04,34.88,59.85,20.25,5.37
images/sample_0246.ppm,Galle,Maha,Tomato,5.25,122.21,23.14,65.82,28.15,2.87
images/sample_0247.ppm,Vavuniya,Inter-monsoon,Banana,7.31,72.68,9.79,53.12,19.6,1.21
images/sample_0248.ppm,Kalutara,Inter-monsoon,Potato,5.56,161.89,21.27,105.7,49.75,3.56
images/sample_0249.ppm,Mullaitivu,Inter-monsoon,Carrot,5.43,68.79,9.33,57.51,15.99,1.25
images/sample_0250.ppm,Puttalam,Yala,Tomato,5.77,117.86,25.61,70.19,25.86,2.41
images/sample_0251.ppm,Kalutara,Yala,Maize,5.33,158.08,24.81,90.22,39.33,4.06
images/sample_0252.ppm,Anuradhapura,Yala,Tomato,7.34,88.69,23.61,55.05,12.81,2.23
images/sample_0253.ppm,Colombo,Maha,Banana,6.47,164.11,43.49,80.55,32.01,6.11
images/sample_0254.ppm,Jaffna,Inter-monsoon,Banana,7.65,141.0,34.06,66.63,33.3,4.39
images/sample_0255.ppm,Jaffna,Inter-monsoon,Potato,7.36,97.7,20.97,61.81,19.23,2.05
images/sample_0256.ppm,Vavuniya,Yala,Tomato,5.02,139.0,23.07,77.7,38.39,2.71
images/sample_0257.ppm,Matara,Yala,Chilli,6.75,153.21,39.86,85.7,33.06,5.49
images/sample_0258.ppm,Mannar,Yala,Tomato,7.39,119.52,33.38,53.8,18.51,4.0
images/sample_0259.ppm,Colombo,Yala,Chilli,5.49,161.63,25.79,81.58,39.6,4.2
images/sample_0260.ppm,Moneragala,Inter-monsoon,Paddy,4.95,136.25,19.09,71.49,36.13,2.46
images/sample_0261.ppm,Ampara,Maha,Tomato,6.14,145.18,21.66,100.64,52.65,1.66
images/sample_0262.ppm,Badulla,Inter-monsoon,Chilli,5.59,154.0,17.14,95.43,47.38,1.77
images/sample_0263.ppm,Polonnaruwa,Inter-monsoon,Banana,6.14,93.86,22.61,52.8,11.8,3.56
images/sample_0264.ppm,Kandy,Maha,Paddy,6.9,104.22,27.88,50.77,15.38,3.87
images/sample_0265.ppm,Badulla,Inter-monsoon,Carrot,7.06,119.54,19.31,69.04,35.85,1.11
images/sample_0266.ppm,Batticaloa,Maha,Potato,5.74,125.56,27.89,69.47,28.86,4.67
images/sample_0267.ppm,Matale,Yala,Cabbage,6.92,180.65,37.29,112.2,51.31,4.56
images/sample_0268.ppm,Kegalle,Maha,Potato,7.71,79.08,13.96,47.08,18.94,1.69
images/sample_0269.ppm,Gampaha,Maha,Banana,5.98,207.0,33.09,101.72,57.61,5.55
images/sample_0270.ppm,Colombo,Maha,Maize,4.97,166.34,25.37,105.65,49.53,2.71
images/sample_0271.ppm,Kalutara,Inter-monsoon,Paddy,7.71,136.63,23.1,91.61,42.5,2.46
images/sample_0272.ppm,Trincomalee,Yala,Banana,7.41,123.66,25.59,55.92,27.25,2.78
images/sample_0273.ppm,Moneragala,Yala,Chilli,7.8,90.19,15.5,76.48,28.65,1.22
images/sample_0274.ppm,Polonnaruwa,Maha,Carrot,5.9,110.95,27.24,31.99,10.86,4.59
images/sample_0275.ppm,Kalutara,Yala,Chilli,7.31,158.94,27.76,78.49,41.79,4.12
images/sample_0276.ppm,Kalutara,Inter-monsoon,Banana,7.0,134.42,21.44,89.89,35.36,2.5
images/sample_0277.ppm,Matara,Inter-monsoon,Paddy,6.27,156.73,26.72,88.58,47.41,4.23
images/sample_0278.ppm,Ratnapura,Inter-monsoon,Maize,6.7,169.07,33.69,103.4,51.55,4.12
images/sample_0279.ppm,Nuwara Eliya,Yala,Banana,5.56,114.14,16.74,73.84,28.4,1.83
images/sample_0280.ppm,Kurunegala,Inter-monsoon,Paddy,7.21,173.61,40.61,72.37,34.82,6.06
images/sample_0281.ppm,Kilinochchi,Inter-monsoon,Banana,6.22,78.24,20.19,48.09,19.9,1.32
images/sample_0282.ppm,Mannar,Yala,Paddy,7.57,152.0,14.78,105.18,48.7,1.43
images/sample_0283.ppm,Matale,Yala,Potato,7.35,56.62,17.03,33.83,11.04,1.24
images/sample_0284.ppm,Ampara,Yala,Tomato,5.26,188.51,30.44,109.23,49.92,5.26
images/sample_0285.ppm,Matale,Yala,Banana,6.84,154.04,34.23,86.56,34.42,5.96
images/sample_0286.ppm,Ratnapura,Inter-monsoon,Cabbage,7.39,84.07,18.3,46.64,17.36,1.5
images/sample_0287.ppm,Vavuniya,Yala,Banana,6.77,130.4,36.72,42.54,14.35,6.11
images/sample_0288.ppm,Jaffna,Yala,Maize,6.19,104.07,12.64,82.27,30.43,1.79
images/sample_0289.ppm,Matara,Yala,Cabbage,6.2,130.6,11.03,96.57,46.52,1.06
images/sample_0290.ppm,Badulla,Yala,Cabbage,7.46,92.46,24.96,37.01,14.18,3.01
images/sample_0291.ppm,Matale,Inter-monsoon,Cabbage,7.15,160.48,36.6,83.71,39.49,5.16
images/sample_0292.ppm,Trincomalee,Maha,Potato,7.28,104.01,18.09,52.83,24.78,2.42
images/sample_0293.ppm,Kandy,Inter-monsoon,Banana,6.76,111.29,21.43,72.92,32.41,2.49
images/sample_0294.ppm,Galle,Inter-monsoon,Cabbage,6.55,149.94,33.13,67.45,29.44,5.41
images/sample_0295.ppm,Vavuniya,Yala,Paddy,5.77,104.11,33.34,65.55,21.86,3.84
images/sample_0296.ppm,Kurunegala,Yala,Maize,6.7,134.32,43.61,61.3,22.53,5.89
images/sample_0297.ppm,Galle,Inter-monsoon,Carrot,5.13,100.61,19.87,56.93,26.88,2.04
images/sample_0298.ppm,Gampaha,Inter-monsoon,Chilli,5.77,168.89,21.99,108.11,50.8,3.72
images/sample_0299.ppm,Trincomalee,Inter-monsoon,Cabbage,4.95,151.78,30.1,76.88,27.95,5.39
images/sample_0300.ppm,Moneragala,Yala,Paddy,6.2,129.32,36.49,71.6,24.22,5.66
images/sample_0301.ppm,Mannar,Inter-monsoon,Paddy,5.83,142.52,32.37,83.65,32.09,4.09
images/sample_0302.ppm,Kandy,Yala,Maize,5.85,116.53,17.51,69.72,22.9,2.85
images/sample_0303.ppm,Mannar,Yala,Carrot,6.63,134.73,15.69,89.4,40.99,2.13
images/sample_0304.ppm,Moneragala,Yala,Potato,4.97,158.24,29.14,91.4,42.61,3.78
images/sample_0305.ppm,Anuradhapura,Inter-monsoon,Cabbage,7.25,138.22,37.87,53.09,22.85,5.95
images/sample_0306.ppm,Batticaloa,Inter-monsoon,Chilli,6.83,134.82,29.49,84.95,32.62,3.88
images/sample_0307.ppm,Polonnaruwa,Inter-monsoon,Maize,5.98,191.57,31.24,110.99,57.12,3.86
images/sample_0308.ppm,Vavuniya,Maha,Banana,7.26,99.28,35.27,47.64,11.27,5.47
images/sample_0309.ppm,Puttalam,Yala,Chilli,6.86,64.13,16.53,45.63,11.57,1.69
images/sample_0310.ppm,Kandy,Yala,Tomato,7.1,112.21,20.01,77.4,34.29,2.12
images/sample_0311.ppm,Trincomalee,Maha,Potato,6.95,103.69,27.38,53.58,18.98,4.01
images/sample_0312.ppm,Badulla,Inter-monsoon,Tomato,7.31,144.83,22.99,105.55,47.53,2.46
images/sample_0313.ppm,Hambantota,Inter-monsoon,Maize,5.98,118.92,31.91,50.12,22.64,4.82
images/sample_0314.ppm,Kilinochchi,Maha,Tomato,5.36,152.52,19.26,89.0,45.18,2.37
images/sample_0315.ppm,Kegalle,Maha,Tomato,6.07,131.97,22.9,93.71,37.92,3.0
images/sample_0316.ppm,Galle,Maha,Maize,5.69,174.97,40.93,74.6,39.45,5.4
images/sample_0317.ppm,Kilinochchi,Maha,Banana,5.91,133.66,16.6,98.17,47.12,1.15
images/sample_0318.ppm,Gampaha,Maha,Potato,5.08,151.11,44.91,84.84,32.95,6.32
images/sample_0319.ppm,Polonnaruwa,Yala,Cabbage,6.68,118.28,41.8,44.31,15.34,6.32
images/sample_0320.ppm,Mannar,Inter-monsoon,Maize,6.22,110.43,15.81,58.63,28.71,1.72
images/sample_0321.ppm,Kalutara,Maha,Carrot,7.67,123.17,14.63,70.71,36.71,1.22
images/sample_0322.ppm,Hambantota,Inter-monsoon,Paddy,6.38,123.51,29.41,57.48,19.33,4.9
images/sample_0323.ppm,Vavuniya,Maha,Maize,5.94,93.21,19.39,57.79,21.56,1.95
images/sample_0324.ppm,Ratnapura,Inter-monsoon,Cabbage,6.93,106.33,35.2,34.66,13.07,5.0
images/sample_0325.ppm,Kalutara,Maha,Cabbage,5.46,112.22,43.53,49.88,11.92,6.07
images/sample_0326.ppm,Galle,Maha,Cabbage,7.26,162.82,27.32,80.54,37.73,4.82
images/sample_0327.ppm,Mannar,Inter-monsoon,Banana,7.15,125.55,33.62,64.29,19.27,4.48
images/sample_0328.ppm,Mullaitivu,Maha,Carrot,5.04,159.69,33.51,84.32,41.35,5.81
images/sample_0329.ppm,Matale,Maha,Carrot,7.41,140.24,36.98,61.81,25.98,6.29
images/sample_0330.ppm,Gampaha,Yala,Cabbage,6.32,193.51,42.2,112.65,52.65,6.21
images/sample_0331.ppm,Jaffna,Yala,Tomato,7.71,190.37,37.8,87.42,44.12,5.99
images/sample_0332.ppm,Ampara,Yala,Paddy,5.4,169.97,45.25,77.77,40.9,6.12
images/sample_0333.ppm,Kandy,Maha,Banana,6.5,164.08,37.79,76.15,40.76,4.65
images/sample_0334.ppm,Polonnaruwa,Maha,Banana,6.61,80.19,14.14,31.58,10.86,1.55
images/sample_0335.ppm,Matara,Inter-monsoon,Cabbage,5.61,176.12,32.77,90.47,47.11,4.51
images/sample_0336.ppm,Badulla,Inter-monsoon,Maize,5.22,93.49,29.01,50.88,21.47,2.9
images/sample_0337.ppm,Hambantota,Inter-monsoon,Carrot,7.65,119.87,25.11,77.05,30.92,3.67
images/sample_0338.ppm,Colombo,Inter-monsoon,Chilli,6.31,128.53,24.3,80.32,31.22,2.58
images/sample_0339.ppm,Moneragala,Inter-monsoon,Banana,6.19,113.16,34.62,41.34,13.44,5.71
images/sample_0340.ppm,Colombo,Maha,Cabbage,6.93,75.17,8.71,39.7,14.79,1.27
images/sample_0341.ppm,Trincomalee,Maha,Tomato,6.89,184.64,33.14,98.31,54.53,5.11
images/sample_0342.ppm,Puttalam,Maha,Maize,5.14,103.86,16.55,73.93,31.68,1.69
images/sample_0343.ppm,Badulla,Yala,Tomato,6.73,183.11,38.96,84.66,42.87,6.17
images/sample_0344.ppm,Ratnapura,Inter-monsoon,Banana,5.84,153.65,20.85,114.28,52.27,1.36
images/sample_0345.ppm,Galle,Yala,Banana,6.79,173.32,28.97,90.1,41.02,4.97
images/sample_0346.ppm,Nuwara Eliya,Yala,Banana,7.07,130.85,14.23,83.3,38.49,1.95
images/sample_0347.ppm,Matale,Yala,Carrot,5.03,149.61,29.77,79.73,31.98,5.33
images/sample_0348.ppm,Hambantota,Yala,Carrot,5.8,124.4,37.98,57.26,16.51,4.84
images/sample_0349.ppm,Gampaha,Maha,Carrot,6.18,136.37,31.39,70.23,30.24,3.57
images/sample_0350.ppm,Gampaha,Inter-monsoon,Tomato,5.07,163.7,29.91,91.08,38.24,5.26
images/sample_0351.ppm,Kurunegala,Maha,Maize,6.64,163.1,26.08,92.03,46.74,3.71
images/sample_0352.ppm,Jaffna,Yala,Tomato,6.71,141.52,33.55,61.88,30.27,5.94
images/sample_0353.ppm,Puttalam,Maha,Paddy,5.31,131.11,24.36,84.01,34.68,2.06
images/sample_0354.ppm,Kandy,Yala,Chilli,6.08,169.83,22.98,112.17,50.29,3.33
images/sample_0355.ppm,Anuradhapura,Inter-monsoon,Tomato,5.36,122.44,45.09,38.07,11.46,6.18
images/sample_0356.ppm,Batticaloa,Inter-monsoon,Tomato,6.51,87.87,18.38,47.23,10.44,2.51
images/sample_0357.ppm,Colombo,Inter-monsoon,Banana,5.97,164.24,36.29,81.27,41.85,4.58
images/sample_0358.ppm,Kurunegala,Yala,Carrot,7.11,182.67,32.93,99.74,50.27,4.52
images/sample_0359.ppm,Kurunegala,Yala,Cabbage,7.6,165.83,24.49,90.44,49.59,3.18
images/sample_0360.ppm,Kandy,Yala,Cabbage,6.78,158.44,36.95,90.5,44.0,4.45
images/sample_0361.ppm,Kilinochchi,Inter-monsoon,Chilli,6.74,111.98,34.77,52.76,14.61,4.94
images/sample_0362.ppm,Moneragala,Maha,Cabbage,7.16,160.89,14.93,103.89,56.42,2.24
images/sample_0363.ppm,Kandy,Maha,Potato,5.59,184.92,38.41,100.11,45.01,5.37
images/sample_0364.ppm,Moneragala,Maha,Tomato,6.19,169.18,20.46,115.62,55.66,3.32
images/sample_0365.ppm,Kurunegala,Yala,Cabbage,5.22,137.35,29.36,90.69,39.42,3.17
images/sample_0366.ppm,Vavuniya,Maha,Chilli,5.96,98.55,18.65,54.99,23.26,1.06
images/sample_0367.ppm,Vavuniya,Inter-monsoon,Chilli,7.12,129.94,30.54,59.28,29.38,3.51
images/sample_0368.ppm,Ampara,Maha,Paddy,6.67,125.2,30.63,57.74,22.38,4.7
images/sample_0369.ppm,Jaffna,Yala,Carrot,5.73,152.67,35.17,77.22,32.99,6.11
images/sample_0370.ppm,Ratnapura,Maha,Paddy,7.42,119.92,22.68,65.64,22.91,3.24
images/sample_0371.ppm,Nuwara Eliya,Yala,Banana,4.98,70.92,10.71,51.67,16.2,1.4
images/sample_0372.ppm,Ratnapura,Yala,Chilli,5.56,109.49,19.9,77.04,29.93,2.56
images/sample_0373.ppm,Badulla,Yala,Tomato,7.4,73.26,22.89,47.74,10.95,1.91
images/sample_0374.ppm,Anuradhapura,Maha,Tomato,5.91,86.62,12.21,56.25,25.56,1.39
images/sample_0375.ppm,Kegalle,Yala,Maize,7.49,135.05,35.79,72.54,28.83,5.31
images/sample_0376.ppm,Kurunegala,Inter-monsoon,Paddy,7.78,154.11,37.68,91.89,40.13,4.57
images/sample_0377.ppm,Jaffna,Inter-monsoon,Paddy,5.3,138.49,30.47,58.27,28.0,5.42
images/sample_0378.ppm,Trincomalee,Maha,Cabbage,5.2,151.65,30.96,87.18,34.8,4.4
images/sample_0379.ppm,Vavuniya,Maha,Cabbage,5.08,76.96,16.91,34.79,12.17,2.41
images/sample_0380.ppm,Hambantota,Maha,Chilli,5.67,161.9,29.83,74.6,39.68,4.14
images/sample_0381.ppm,Mannar,Maha,Maize,6.19,185.23,34.44,111.0,55.58,5.13
images/sample_0382.ppm,Nuwara Eliya,Maha,Chilli,6.81,114.1,28.36,79.73,28.62,3.45
images/sample_0383.ppm,Badulla,Maha,Paddy,5.14,87.48,16.31,57.76,25.68,1.4
images/sample_0384.ppm,Mullaitivu,Maha,Potato,7.36,98.29,10.32,73.99,30.86,1.08
images/sample_0385.ppm,Kegalle,Inter-monsoon,Paddy,7.14,176.68,32.58,106.04,53.67,4.77
images/sample_0386.ppm,Trincomalee,Yala,Cabbage,6.88,89.8,25.37,55.59,13.53,3.59
images/sample_0387.ppm,Galle,Inter-monsoon,Chilli,5.57,132.08,23.67,64.01,30.48,2.91
images/sample_0388.ppm,Ampara,Yala,Banana,5.27,105.39,14.29,68.72,25.47,1.83
images/sample_0389.ppm,Kurunegala,Inter-monsoon,Potato,5.19,135.97,14.61,89.04,44.5,2.05
images/sample_0390.ppm,Kalutara,Maha,Banana,6.67,170.19,29.06,111.19,52.86,2.99
images/sample_0391.ppm,Hambantota,Maha,Chilli,7.07,190.11,27.93,101.54,52.33,4.65
images/sample_0392.ppm,Matara,Inter-monsoon,Tomato,6.02,93.76,18.57,47.5,17.52,2.03
images/sample_0393.ppm,Colombo,Yala,Paddy,7.34,114.97,30.35,57.11,25.6,3.36
images/sample_0394.ppm,Puttalam,Maha,Potato,5.2,139.97,19.23,86.2,47.12,1.2
images/sample_0395.ppm,Kandy,Yala,Chilli,7.19,185.12,35.73,97.62,52.75,6.04
images/sample_0396.ppm,Galle,Yala,Banana,6.51,154.16,38.05,74.44,27.33,6.31
images/sample_0397.ppm,Mullaitivu,Maha,Paddy,6.86,75.68,14.51,49.66,12.45,1.57
images/sample_0398.ppm,Vavuniya,Inter-monsoon,Tomato,6.18,114.71,33.85,52.65,11.89,5.28
images/sample_0399.ppm,Kegalle,Inter-monsoon,Maize,7.69,132.95,33.55,62.72,22.01,4.66
images/sample_0400.ppm,Mannar,Inter-monsoon,Chilli,7.63,109.56,25.65,70.49,25.87,2.51
images/sample_0401.ppm,Mannar,Maha,Potato,5.87,84.19,10.82,56.5,22.11,1.16
images/sample_0402.ppm,Puttalam,Inter-monsoon,Potato,6.16,125.8,40.56,41.57,11.99,6.0
images/sample_0403.ppm,Colombo,Yala,Carrot,5.88,180.37,30.22,100.3,53.6,3.81
images/sample_0404.ppm,Kegalle,Maha,Tomato,6.23,148.79,13.02,104.3,50.21,2.07
images/sample_0405.ppm,Ampara,Inter-monsoon,Banana,6.59,173.64,29.5,119.2,57.94,3.36
images/sample_0406.ppm,Mullaitivu,Yala,Potato,5.78,114.86,13.8,68.62,27.3,2.02
images/sample_0407.ppm,Hambantota,Yala,Cabbage,6.62,144.74,44.82,71.39,30.63,6.17
images/sample_0408.ppm,Mullaitivu,Yala,Banana,5.31,160.2,24.66,106.35,50.84,2.76
images/sample_0409.ppm,Vavuniya,Maha,Chilli,6.21,190.52,40.4,116.06,57.45,5.36
images/sample_0410.ppm,Jaffna,Yala,Potato,6.14,91.57,20.0,69.04,25.81,1.75
images/sample_0411.ppm,Kandy,Inter-monsoon,Banana,7.46,134.57,20.87,92.8,44.99,1.35
images/sample_0412.ppm,Trincomalee,Yala,Chilli,4.91,127.95,24.72,69.08,32.5,4.03
images/sample_0413.ppm,Jaffna,Yala,Potato,5.82,98.21,23.72,56.62,16.4,3.54
images/sample_0414.ppm,Jaffna,Maha,Tomato,7.05,69.3,21.9,45.82,10.53,2.07
images/sample_0415.ppm,Trincomalee,Maha,Tomato,6.43,88.06,13.33,45.6,18.89,1.79
images/sample_0416.ppm,Vavuniya,Inter-monsoon,Tomato,6.83,147.21,27.82,77.68,34.68,4.32
images/sample_0417.ppm,Matara,Yala,Maize,4.91,133.91,18.11,75.7,36.2,2.13
images/sample_0418.ppm,Matale,Maha,Chilli,4.92,92.6,23.11,35.31,10.55,2.68
images/sample_0419.ppm,Batticaloa,Inter-monsoon,Potato,5.04,161.53,30.44,79.2,40.87,3.93
images/sample_0420.ppm,Kegalle,Maha,Potato,4.93,167.91,41.97,90.01,42.65,5.59
images/sample_0421.ppm,Matale,Maha,Tomato,5.15,161.48,27.78,105.0,55.01,2.74
images/sample_0422.ppm,Puttalam,Inter-monsoon,Potato,5.34,141.2,40.11,69.37,24.92,6.26
images/sample_0423.ppm,Kilinochchi,Maha,Cabbage,7.57,137.13,28.37,62.32,27.06,4.19
images/sample_0424.ppm,Colombo,Maha,Banana,5.25,198.18,30.82,112.41,56.42,5.25
images/sample_0425.ppm,Mullaitivu,Yala,Carrot,7.04,187.44,36.74,94.73,49.37,5.36
images/sample_0426.ppm,Anuradhapura,Maha,Maize,5.14,138.33,16.61,80.13,39.27,2.81
images/sample_0427.ppm,Vavuniya,Yala,Chilli,4.92,96.91,17.76,59.56,15.55,2.81
images/sample_0428.ppm,Moneragala,Yala,Potato,6.58,107.75,31.47,50.09,18.95,4.28
images/sample_0429.ppm,Kilinochchi,Inter-monsoon,Chilli,5.87,126.31,19.07,99.84,46.3,1.33
images/sample_0430.ppm,Mannar,Inter-monsoon,Cabbage,6.39,76.6,17.61,51.86,19.42,1.06
images/sample_0431.ppm,Ampara,Yala,Maize,7.23,121.44,31.67,60.0,23.21,5.29
images/sample_0432.ppm,Colombo,Yala,Cabbage,7.37,154.79,35.71,91.41,38.17,5.69
images/sample_0433.ppm,Kalutara,Yala,Carrot,6.64,136.48,39.39,60.62,23.64,5.49
images/sample_0434.ppm,Kegalle,Maha,Cabbage,7.77,136.8,18.86,84.67,45.7,1.49
images/sample_0435.ppm,Matara,Maha,Potato,7.14,125.99,24.74,78.82,30.75,2.34
images/sample_0436.ppm,Jaffna,Yala,Tomato,7.75,147.87,36.68,78.23,37.31,4.8
images/sample_0437.ppm,Mannar,Maha,Carrot,6.09,103.42,22.44,53.96,22.26,3.35
images/sample_0438.ppm,Matale,Inter-monsoon,Paddy,7.16,77.06,17.75,59.53,16.19,2.1
images/sample_0439.ppm,Mannar,Inter-monsoon,Carrot,5.23,126.19,44.28,50.74,10.37,6.18
images/sample_0440.ppm,Moneragala,Yala,Maize,6.08,177.26,14.15,115.57,57.56,2.26
images/sample_0441.ppm,Polonnaruwa,Yala,Paddy,6.41,138.16,19.06,96.85,44.24,2.39
images/sample_0442.ppm,Batticaloa,Maha,Carrot,6.14,173.34,31.51,77.85,41.49,4.97
images/sample_0443.ppm,Hambantota,Inter-monsoon,Chilli,6.51,102.94,31.38,49.09,11.9,4.46
images/sample_0444.ppm,Jaffna,Maha,Cabbage,5.67,105.71,32.85,56.53,15.1,5.24
images/sample_0445.ppm,Batticaloa,Yala,Tomato,5.88,110.62,33.81,35.38,13.58,4.41
images/sample_0446.ppm,Batticaloa,Yala,Maize,5.72,144.51,17.63,99.55,46.05,2.17
images/sample_0447.ppm,Jaffna,Inter-monsoon,Paddy,7.01,122.29,30.61,44.45,17.08,4.92
images/sample_0448.ppm,Vavuniya,Yala,Potato,6.4,170.75,38.1,78.74,32.95,6.31
images/sample_0449.ppm,Kurunegala,Maha,Carrot,5.22,172.48,40.31,94.79,45.89,5.99
images/sample_0450.ppm,Ampara,Maha,Potato,5.76,193.67,38.28,101.37,55.69,4.86
images/sample_0451.ppm,Kegalle,Maha,Cabbage,5.83,153.75,28.64,97.41,45.48,3.21
images/sample_0452.ppm,Batticaloa,Inter-monsoon,Chilli,5.96,155.68,30.0,86.15,33.61,4.74
images/sample_0453.ppm,Matale,Inter-monsoon,Cabbage,6.64,134.28,18.17,94.12,48.92,1.32
images/sample_0454.ppm,Badulla,Maha,Paddy,6.76,57.59,16.36,46.29,11.33,1.06
images/sample_0455.ppm,Polonnaruwa,Yala,Banana,6.37,75.6,11.77,51.38,11.45,1.15
images/sample_0456.ppm,Hambantota,Yala,Maize,7.18,160.42,41.49,73.35,33.97,5.92
images/sample_0457.ppm,Colombo,Yala,Potato,6.32,149.36,16.17,93.04,48.14,1.99
images/sample_0458.ppm,Kalutara,Inter-monsoon,Carrot,5.05,166.43,19.71,122.42,56.98,1.86
images/sample_0459.ppm,Moneragala,Maha,Potato,7.4,149.72,19.19,97.52,52.53,2.53
images/sample_0460.ppm,Ratnapura,Yala,Carrot,6.45,149.2,25.65,70.84,31.43,4.35
images/sample_0461.ppm,Kandy,Yala,Tomato,6.08,149.88,29.23,93.64,39.08,4.77
images/sample_0462.ppm,Matale,Inter-monsoon,Chilli,7.22,173.94,32.44,100.98,49.96,4.99
images/sample_0463.ppm,Moneragala,Yala,Banana,4.92,183.71,34.93,87.92,42.22,6.01
images/sample_0464.ppm,Jaffna,Yala,Chilli,6.95,139.33,27.58,87.03,35.12,2.71
images/sample_0465.ppm,Badulla,Inter-monsoon,Paddy,6.87,177.1,24.1,104.57,57.85,2.69
images/sample_0466.ppm,Polonnaruwa,Yala,Carrot,5.81,191.01,29.25,97.6,51.05,5.09
images/sample_0467.ppm,Kalutara,Inter-monsoon,Maize,5.74,156.57,17.38,104.99,55.01,1.97
images/sample_0468.ppm,Gampaha,Yala,Cabbage,7.44,108.52,17.29,75.36,28.83,2.57
images/sample_0469.ppm,Trincomalee,Yala,Potato,6.55,138.86,37.92,66.82,28.56,4.8
images/sample_0470.ppm,Nuwara Eliya,Yala,Tomato,6.15,137.94,14.96,83.9,42.85,1.03
images/sample_0471.ppm,Mullaitivu,Inter-monsoon,Tomato,5.68,97.33,19.11,80.51,30.2,1.37
images/sample_0472.ppm,Anuradhapura,Yala,Paddy,5.04,144.42,35.14,66.23,21.4,6.35
images/sample_0473.ppm,Hambantota,Maha,Banana,5.4,135.77,25.26,95.01,39.51,2.61
images/sample_0474.ppm,Jaffna,Maha,Potato,7.5,160.05,29.59,92.05,50.79,3.88
images/sample_0475.ppm,Kandy,Inter-monsoon,Potato,6.35,150.49,21.11,98.99,43.37,3.51
images/sample_0476.ppm,Galle,Inter-monsoon,Cabbage,4.99,151.56,22.0,93.02,49.15,2.31
images/sample_0477.ppm,Polonnaruwa,Inter-monsoon,Banana,7.52,141.93,25.85,99.36,41.71,2.56
images/sample_0478.ppm,Kilinochchi,Maha,Paddy,6.0,170.5,30.13,99.09,51.52,4.38
images/sample_0479.ppm,Vavuniya,Yala,Chilli,6.37,79.11,8.95,50.68,22.54,1.18
images/sample_0480.ppm,Kilinochchi,Maha,Chilli,5.85,70.13,18.04,38.74,13.93,1.93
images/sample_0481.ppm,Puttalam,Yala,Carrot,7.14,189.85,38.73,95.2,50.9,5.6
images/sample_0482.ppm,Nuwara Eliya,Maha,Chilli,5.15,177.27,20.44,111.9,52.45,3.08
images/sample_0483.ppm,Vavuniya,Maha,Tomato,6.9,122.27,38.15,59.97,19.05,6.11
images/sample_0484.ppm,Vavuniya,Yala,Tomato,6.22,143.88,18.17,97.0,46.88,1.87
images/sample_0485.ppm,Badulla,Yala,Paddy,6.13,172.97,25.98,110.03,52.46,3.81
images/sample_0486.ppm,Mullaitivu,Yala,Cabbage,6.42,163.84,42.33,87.38,37.41,5.47
images/sample_0487.ppm,Trincomalee,Yala,Chilli,6.22,131.21,35.04,65.01,28.8,4.95
images/sample_0488.ppm,Ampara,Maha,Potato,6.13,126.35,25.62,68.88,28.88,3.12
images/sample_0489.ppm,Trincomalee,Yala,Carrot,6.23,202.06,35.84,109.42,50.02,6.33
images/sample_0490.ppm,Trincomalee,Yala,Cabbage,7.76,180.73,37.16,110.19,52.92,4.53
images/sample_0491.ppm,Vavuniya,Inter-monsoon,Tomato,6.73,154.01,24.19,87.56,44.97,2.53
images/sample_0492.ppm,Trincomalee,Inter-monsoon,Tomato,7.1,111.86,31.0,61.77,16.7,4.01
images/sample_0493.ppm,Matale,Maha,Banana,5.67,146.45,29.7,89.5,38.66,4.58
images/sample_0494.ppm,Badulla,Yala,Carrot,7.0,195.84,38.39,103.22,50.96,6.07
images/sample_0495.ppm,Nuwara Eliya,Maha,Banana,7.0,162.73,21.3,119.03,55.67,1.49
images/sample_0496.ppm,Polonnaruwa,Maha,Cabbage,6.17,113.09,37.6,37.49,12.43,4.67
images/sample_0497.ppm,Jaffna,Inter-monsoon,Tomato,7.39,128.68,22.21,94.12,42.63,2.24
images/sample_0498.ppm,Kegalle,Inter-monsoon,Paddy,7.34,109.64,12.66,66.12,30.82,1.51
images/sample_0499.ppm,Puttalam,Maha,Chilli,6.76,109.77,16.32,74.09,27.03,2.14
images/sample_0500.ppm,Batticaloa,Yala,Paddy,5.3,157.32,32.41,76.67,39.17,4.83
images/sample_0501.ppm,Kilinochchi,Inter-monsoon,Maize,7.58,146.67,29.47,82.2,34.91,5.03
images/sample_0502.ppm,Jaffna,Yala,Maize,5.69,98.07,10.62,69.25,24.66,1.03
images/sample_0503.ppm,Galle,Yala,Potato,7.67,78.0,16.61,49.25,12.83,2.58
images/sample_0504.ppm,Polonnaruwa,Maha,Potato,7.74,112.24,27.95,60.99,23.32,2.81
images/sample_0505.ppm,Matale,Yala,Banana,5.22,162.18,22.23,105.82,55.02,3.25
images/sample_0506.ppm,Galle,Maha,Tomato,7.8,112.41,31.92,56.58,14.67,4.79
images/sample_0507.ppm,Kalutara,Maha,Potato,5.74,76.71,19.42,56.49,14.82,2.46
images/sample_0508.ppm,Colombo,Inter-monsoon,Paddy,5.15,121.19,14.53,75.12,31.81,1.44
images/sample_0509.ppm,Matara,Inter-monsoon,Carrot,5.44,123.73,38.38,37.95,14.79,6.0
images/sample_0510.ppm,Matale,Inter-monsoon,Chilli,6.55,161.62,32.47,98.44,43.98,3.99
images/sample_0511.ppm,Puttalam,Inter-monsoon,Cabbage,7.44,158.98,27.93,96.39,44.59,4.18
images/sample_0512.ppm,Matara,Inter-monsoon,Tomato,7.17,139.23,15.7,103.42,45.3,2.18
images/sample_0513.ppm,Vavuniya,Maha,Chilli,7.07,191.22,29.31,105.06,57.69,4.41
images/sample_0514.ppm,Mullaitivu,Yala,Potato,7.08,152.9,29.95,77.25,32.7,4.6
images/sample_0515.ppm,Kilinochchi,Inter-monsoon,Cabbage,7.27,196.33,32.32,100.26,55.21,5.05
images/sample_0516.ppm,Ratnapura,Yala,Banana,6.36,112.2,11.9,80.74,39.57,1.4
images/sample_0517.ppm,Moneragala,Maha,Banana,7.02,147.13,19.36,95.73,49.07,1.22
images/sample_0518.ppm,Kilinochchi,Maha,Chilli,6.52,150.57,24.17,97.15,46.67,2.76
images/sample_0519.ppm,Vavuniya,Yala,Paddy,5.91,180.54,36.1,91.42,48.28,5.6
images/sample_0520.ppm,Kandy,Yala,Maize,7.25,136.58,38.76,63.53,25.29,5.02
images/sample_0521.ppm,Kegalle,Maha,Paddy,5.02,152.94,28.0,101.88,49.8,2.81
images/sample_0522.ppm,Gampaha,Inter-monsoon,Paddy,5.69,202.63,41.65,117.63,56.7,5.87
images/sample_0523.ppm,Jaffna,Yala,Maize,5.97,114.82,23.07,77.25,30.65,2.53
images/sample_0524.ppm,Kegalle,Maha,Paddy,6.57,155.17,40.85,72.32,26.88,6.02
images/sample_0525.ppm,Gampaha,Inter-monsoon,Tomato,5.45,101.84,27.44,53.35,14.89,2.72
images/sample_0526.ppm,Gampaha,Maha,Chilli,5.14,88.72,20.19,63.47,23.47,2.07
images/sample_0527.ppm,Moneragala,Maha,Paddy,6.28,158.35,42.28,91.88,40.2,5.48
images/sample_0528.ppm,Hambantota,Maha,Maize,6.0,150.4,34.86,51.26,24.06,5.88
images/sample_0529.ppm,Batticaloa,Maha,Cabbage,6.93,172.66,46.72,75.73,34.04,6.37
images/sample_0530.ppm,Matale,Inter-monsoon,Potato,5.94,143.21,21.32,105.02,50.25,2.4
images/sample_0531.ppm,Hambantota,Inter-monsoon,Cabbage,6.76,177.54,38.43,83.75,45.66,5.26
images/sample_0532.ppm,Jaffna,Maha,Potato,5.41,152.82,25.66,86.63,33.42,4.49
images/sample_0533.ppm,Kandy,Inter-monsoon,Chilli,5.57,132.18,15.54,84.99,33.52,2.37
images/sample_0534.ppm,Kandy,Maha,Carrot,7.64,129.54,23.88,84.84,42.47,1.96
images/sample_0535.ppm,Polonnaruwa,Inter-monsoon,Tomato,6.4,128.14,40.75,59.36,25.46,5.35
images/sample_0536.ppm,Mannar,Maha,Paddy,6.7,162.64,30.3,69.47,32.88,5.39
images/sample_0537.ppm,Jaffna,Inter-monsoon,Chilli,6.02,163.45,25.24,94.74,48.01,2.6
images/sample_0538.ppm,Hambantota,Maha,Maize,7.41,193.72,37.1,97.63,51.1,5.29
images/sample_0539.ppm,Ampara,Inter-monsoon,Carrot,6.12,150.19,23.68,110.33,51.15,2.72
images/sample_0540.ppm,Kilinochchi,Maha,Tomato,6.09,124.29,31.94,77.62,30.34,4.29
images/sample_0541.ppm,Kalutara,Yala,Cabbage,5.01,67.75,15.76,48.1,13.27,1.58
images/sample_0542.ppm,Gampaha,Maha,Potato,5.36,110.12,32.7,43.12,12.24,5.54
images/sample_0543.ppm,Nuwara Eliya,Yala,Tomato,7.18,99.89,13.83,57.53,21.93,1.3
images/sample_0544.ppm,Polonnaruwa,Inter-monsoon,Paddy,5.14,148.92,18.69,106.21,52.51,1.03
images/sample_0545.ppm,Batticaloa,Yala,Maize,6.01,138.4,29.61,71.35,27.72,4.0
images/sample_0546.ppm,Ampara,Maha,Chilli,5.91,190.97,27.24,119.01,56.15,4.84
images/sample_0547.ppm,Kandy,Maha,Potato,6.17,107.67,11.2,69.87,28.18,1.42
images/sample_0548.ppm,Matale,Maha,Banana,6.32,121.99,12.98,76.25,35.43,1.13
images/sample_0549.ppm,Kalutara,Maha,Banana,4.96,173.36,37.92,82.26,44.23,5.45
images/sample_0550.ppm,Anuradhapura,Inter-monsoon,Carrot,7.78,161.75,25.75,117.5,53.98,3.06
images/sample_0551.ppm,Kilinochchi,Yala,Maize,7.44,105.83,34.12,49.62,17.66,4.18
images/sample_0552.ppm,Colombo,Yala,Chilli,6.62,122.05,37.5,60.77,23.23,4.9
images/sample_0553.ppm,Vavuniya,Inter-monsoon,Banana,6.09,129.87,29.61,65.79,33.09,4.39
images/sample_0554.ppm,Vavuniya,Maha,Banana,5.22,181.24,22.5,120.92,57.61,3.02
images/sample_0555.ppm,Kegalle,Inter-monsoon,Carrot,5.46,190.46,41.23,97.93,50.25,5.88
images/sample_0556.ppm,Colombo,Maha,Cabbage,5.49,100.05,17.06,60.41,22.73,1.3
images/sample_0557.ppm,Matale,Maha,Carrot,7.38,148.82,33.33,76.01,31.31,4.36
images/sample_0558.ppm,Batticaloa,Yala,Carrot,5.2,142.21,34.57,83.26,38.96,4.12
images/sample_0559.ppm,Kandy,Inter-monsoon,Potato,5.41,93.53,24.46,69.77,22.61,2.09
images/sample_0560.ppm,Kegalle,Yala,Potato,5.95,107.5,20.32,73.52,31.98,2.04
images/sample_0561.ppm,Mullaitivu,Yala,Potato,6.19,153.53,31.27,76.84,37.25,4.36
images/sample_0562.ppm,Nuwara Eliya,Maha,Carrot,5.21,165.76,34.08,82.87,44.9,4.83
images/sample_0563.ppm,Anuradhapura,Maha,Maize,5.96,158.1,27.18,96.71,45.83,3.81
images/sample_0564.ppm,Trincomalee,Maha,Carrot,7.21,137.48,34.69,68.39,33.16,4.11
images/sample_0565.ppm,Puttalam,Maha,Potato,5.32,110.69,31.97,54.73,19.74,4.82
images/sample_0566.ppm,Badulla,Maha,Banana,6.8,196.89,39.55,104.13,47.28,6.32
images/sample_0567.ppm,Nuwara Eliya,Inter-monsoon,Banana,7.55,98.11,30.11,55.96,19.81,3.16
images/sample_0568.ppm,Anuradhapura,Maha,Maize,6.23,129.65,15.0,96.51,41.62,1.98
images/sample_0569.ppm,Puttalam,Maha,Carrot,5.19,93.18,16.05,47.14,20.62,1.68
images/sample_0570.ppm,Nuwara Eliya,Maha,Banana,5.52,80.86,24.96,42.21,10.11,3.03
images/sample_0571.ppm,Puttalam,Yala,Tomato,5.72,108.31,24.89,73.02,28.08,2.59
images/sample_0572.ppm,Nuwara Eliya,Inter-monsoon,Maize,4.98,199.69,30.59,108.9,54.02,5.12
images/sample_0573.ppm,Batticaloa,Inter-monsoon,Potato,6.75,119.43,26.75,64.84,32.27,3.17
images/sample_0574.ppm,Polonnaruwa,Inter-monsoon,Maize,6.56,169.47,20.21,118.89,57.44,2.76
images/sample_0575.ppm,Batticaloa,Maha,Maize,7.05,120.29,18.21,55.16,23.77,3.06
images/sample_0576.ppm,Matale,Yala,Cabbage,6.58,145.43,17.65,100.05,44.82,2.07
images/sample_0577.ppm,Anuradhapura,Inter-monsoon,Banana,7.7,182.3,35.5,93.1,48.05,5.25
images/sample_0578.ppm,Mullaitivu,Maha,Potato,5.94,109.19,15.87,78.35,32.78,1.4
images/sample_0579.ppm,Ampara,Yala,Tomato,6.71,78.22,13.08,48.54,19.92,1.43
images/sample_0580.ppm,Trincomalee,Inter-monsoon,Maize,6.39,149.87,23.0,98.62,46.37,3.79
images/sample_0581.ppm,Nuwara Eliya,Yala,Chilli,5.53,89.58,28.41,48.55,13.82,3.28
images/sample_0582.ppm,Mannar,Maha,Chilli,5.3,101.59,23.6,53.02,24.41,2.86
images/sample_0583.ppm,Kilinochchi,Yala,Cabbage,6.54,140.67,32.6,83.78,31.72,5.2
images/sample_0584.ppm,Trincomalee,Maha,Tomato,5.56,171.3,23.15,93.09,49.79,3.35
images/sample_0585.ppm,Matara,Inter-monsoon,Banana,6.95,152.45,32.26,84.94,34.49,4.25
images/sample_0586.ppm,Jaffna,Yala,Banana,6.49,128.84,21.34,83.16,43.02,2.37
images/sample_0587.ppm,Nuwara Eliya,Yala,Tomato,4.94,173.68,32.72,105.37,50.99,4.03
images/sample_0588.ppm,Hambantota,Maha,Maize,5.86,194.14,44.92,107.71,57.48,6.05
images/sample_0589.ppm,Gampaha,Yala,Tomato,4.97,137.83,28.04,74.77,39.37,3.94
images/sample_0590.ppm,Ratnapura,Maha,Maize,5.38,93.91,18.33,57.77,27.63,1.11
images/sample_0591.ppm,Nuwara Eliya,Yala,Paddy,6.87,176.83,41.92,89.46,48.21,5.38
images/sample_0592.ppm,Trincomalee,Inter-monsoon,Banana,6.59,109.36,27.52,55.06,26.11,3.27
images/sample_0593.ppm,Anuradhapura,Yala,Tomato,5.47,151.82,32.87,76.49,39.12,3.92
images/sample_0594.ppm,Vavuniya,Inter-monsoon,Banana,5.38,162.81,32.59,89.32,40.49,5.66
images/sample_0595.ppm,Kurunegala,Maha,Carrot,6.46,150.21,26.36,95.74,50.89,2.65
images/sample_0596.ppm,Nuwara Eliya,Maha,Carrot,5.9,173.39,34.44,100.0,49.33,4.77
images/sample_0597.ppm,Matara,Yala,Banana,6.81,144.2,37.24,53.43,24.87,6.26
images/sample_0598.ppm,Nuwara Eliya,Inter-monsoon,Chilli,7.36,173.95,27.45,96.48,52.74,4.88
images/sample_0599.ppm,Hambantota,Yala,Tomato,5.22,145.01,37.57,69.86,34.97,4.72
images/sample_0600.ppm,Kegalle,Inter-monsoon,Maize,5.68,172.38,37.89,78.16,40.71,4.93
images/sample_0601.ppm,Nuwara Eliya,Inter-monsoon,Chilli,5.76,156.38,33.97,102.66,47.93,4.13
images/sample_0602.ppm,Nuwara Eliya,Maha,Banana,5.67,90.87,14.78,49.09,21.32,1.33
images/sample_0603.ppm,Galle,Maha,Banana,7.64,157.8,13.7,102.5,51.0,2.06
images/sample_0604.ppm,Kurunegala,Inter-monsoon,Cabbage,6.36,122.81,34.97,68.02,24.3,4.68
images/sample_0605.ppm,Gampaha,Inter-monsoon,Banana,4.97,144.68,32.75,62.03,25.37,5.59
images/sample_0606.ppm,Anuradhapura,Yala,Paddy,6.23,63.0,8.73,38.69,13.81,1.21
images/sample_0607.ppm,Trincomalee,Maha,Chilli,6.27,136.67,15.5,81.86,42.89,1.35
images/sample_0608.ppm,Trincomalee,Maha,Carrot,6.96,148.26,18.7,106.17,51.45,2.39
images/sample_0609.ppm,Kilinochchi,Maha,Potato,7.66,98.71,21.89,72.68,30.32,1.6
images/sample_0610.ppm,Kegalle,Yala,Cabbage,5.8,97.02,24.13,38.4,13.74,4.1
images/sample_0611.ppm,Kegalle,Yala,Chilli,7.66,179.32,29.78,98.38,50.96,5.17
images/sample_0612.ppm,Kalutara,Yala,Carrot,6.99,171.11,39.63,80.53,38.07,5.88
images/sample_0613.ppm,Kilinochchi,Maha,Tomato,7.06,146.95,42.89,68.66,28.1,6.12
images/sample_0614.ppm,Kandy,Maha,Paddy,7.15,121.47,39.15,57.71,19.13,5.05
images/sample_0615.ppm,Ampara,Maha,Banana,6.11,146.89,41.6,59.61,27.09,5.39
images/sample_0616.ppm,Ratnapura,Inter-monsoon,Chilli,7.51,97.58,26.31,64.95,21.52,2.72
images/sample_0617.ppm,Ratnapura,Inter-monsoon,Tomato,7.53,158.96,35.84,88.03,37.32,5.55
images/sample_0618.ppm,Kalutara,Maha,Tomato,7.15,95.3,20.2,65.53,21.48,2.84
images/sample_0619.ppm,Mannar,Yala,Maize,5.75,158.77,33.36,89.03,38.26,4.27
images/sample_0620.ppm,Puttalam,Yala,Carrot,7.63,130.12,31.01,66.62,33.52,3.3
images/sample_0621.ppm,Polonnaruwa,Maha,Carrot,5.54,153.42,18.95,93.98,48.13,2.86
images/sample_0622.ppm,Ratnapura,Inter-monsoon,Maize,7.58,58.12,10.02,46.65,10.68,1.31
images/sample_0623.ppm,Mannar,Maha,Banana,5.54,185.04,34.27,89.11,44.9,5.31
images/sample_0624.ppm,Nuwara Eliya,Maha,Chilli,7.77,144.51,31.86,63.42,28.43,5.18
images/sample_0625.ppm,Puttalam,Maha,Potato,5.05,120.04,28.11,65.5,24.68,3.52
images/sample_0626.ppm,Trincomalee,Yala,Carrot,7.21,171.01,43.6,87.43,35.81,6.29
images/sample_0627.ppm,Matale,Maha,Maize,7.15,88.25,15.68,52.74,22.59,1.82
images/sample_0628.ppm,Batticaloa,Inter-monsoon,Carrot,6.03,181.09,25.38,106.55,50.29,4.36
images/sample_0629.ppm,Matale,Inter-monsoon,Chilli,7.67,188.18,30.04,96.61,53.47,5.12
images/sample_0630.ppm,Jaffna,Maha,Chilli,6.25,98.37,35.66,33.11,11.59,4.34
images/sample_0631.ppm,Kalutara,Maha,Banana,5.28,145.4,17.76,92.62,50.71,1.77
images/sample_0632.ppm,Kilinochchi,Inter-monsoon,Tomato,5.31,121.09,37.28,54.16,24.85,4.67
images/sample_0633.ppm,Puttalam,Maha,Chilli,5.35,142.64,16.98,104.47,45.37,1.64
images/sample_0634.ppm,Matara,Inter-monsoon,Tomato,5.58,104.06,16.71,71.22,32.75,1.13
images/sample_0635.ppm,Kandy,Maha,Tomato,5.53,141.46,24.34,82.48,34.83,3.34
images/sample_0636.ppm,Anuradhapura,Inter-monsoon,Cabbage,5.16,132.28,40.81,47.96,16.22,6.04
images/sample_0637.ppm,Vavuniya,Inter-monsoon,Cabbage,7.55,125.09,35.53,56.17,14.09,5.84
images/sample_0638.ppm,Matara,Maha,Paddy,5.63,177.79,30.32,106.03,56.09,3.67
images/sample_0639.ppm,Kegalle,Yala,Chilli,6.91,136.64,22.58,71.26,35.12,2.34
images/sample_0640.ppm,Galle,Inter-monsoon,Cabbage,6.57,137.79,27.29,70.43,28.78,4.32
images/sample_0641.ppm,Badulla,Inter-monsoon,Banana,6.63,164.55,41.67,94.7,44.82,5.56
images/sample_0642.ppm,Colombo,Yala,Carrot,4.9,159.99,32.51,91.47,48.33,4.45
images/sample_0643.ppm,Kandy,Maha,Banana,7.78,119.65,14.41,77.77,37.42,1.24
images/sample_0644.ppm,Ratnapura,Yala,Banana,7.47,137.87,35.25,72.33,29.96,5.53
images/sample_0645.ppm,Colombo,Yala,Chilli,7.14,115.5,23.23,73.53,29.98,2.33
images/sample_0646.ppm,Batticaloa,Inter-monsoon,Tomato,7.37,148.32,17.22,92.2,47.69,2.29
images/sample_0647.ppm,Mullaitivu,Yala,Paddy,6.61,151.07,12.96,109.72,49.35,1.45
images/sample_0648.ppm,Trincomalee,Yala,Maize,7.8,89.31,13.43,55.09,22.07,1.82
images/sample_0649.ppm,Hambantota,Maha,Maize,6.43,149.33,45.46,66.25,23.5,6.33
images/sample_0650.ppm,Vavuniya,Inter-monsoon,Chilli,6.33,120.09,20.47,72.73,37.66,1.58
images/sample_0651.ppm,Galle,Maha,Potato,5.46,190.25,35.86,94.51,50.96,6.25
images/sample_0652.ppm,Polonnaruwa,Inter-monsoon,Carrot,5.71,77.37,15.48,48.96,18.81,1.03
images/sample_0653.ppm,Badulla,Inter-monsoon,Chilli,5.92,72.42,19.67,39.41,12.67,2.1
images/sample_0654.ppm,Polonnaruwa,Maha,Potato,7.23,163.3,25.67,96.31,48.14,3.42
images/sample_0655.ppm,Nuwara Eliya,Maha,Carrot,5.18,149.76,11.55,103.77,45.77,1.66
images/sample_0656.ppm,Trincomalee,Yala,Cabbage,5.79,160.15,18.85,104.65,52.45,1.96
images/sample_0657.ppm,Polonnaruwa,Yala,Banana,6.35,131.11,35.66,67.12,24.65,4.21
images/sample_0658.ppm,Trincomalee,Yala,Carrot,5.01,164.62,23.14,99.89,47.24,3.03
images/sample_0659.ppm,Badulla,Inter-monsoon,Paddy,6.23,125.81,34.5,56.94,20.98,4.22
images/sample_0660.ppm,Ratnapura,Yala,Paddy,7.01,146.23,12.82,111.51,55.01,1.82
images/sample_0661.ppm,Vavuniya,Maha,Carrot,6.16,158.58,30.2,86.34,44.64,3.61
images/sample_0662.ppm,Puttalam,Yala,Maize,6.49,154.68,16.39,100.21,51.61,1.78
images/sample_0663.ppm,Galle,Yala,Paddy,6.22,166.33,23.85,115.27,57.45,3.31
images/sample_0664.ppm,Kandy,Maha,Tomato,5.39,124.8,40.03,45.14,15.15,5.3
images/sample_0665.ppm,Kalutara,Yala,Paddy,6.97,132.68,35.37,62.11,24.94,4.2
images/sample_0666.ppm,Jaffna,Maha,Tomato,5.87,148.44,13.71,103.8,46.25,1.99
images/sample_0667.ppm,Kilinochchi,Yala,Paddy,6.76,210.0,34.99,103.84,57.81,5.74
images/sample_0668.ppm,Polonnaruwa,Inter-monsoon,Carrot,5.61,170.03,12.8,108.38,54.63,1.96
images/sample_0669.ppm,Ratnapura,Yala,Potato,5.37,178.64,35.48,101.97,46.97,5.58
images/sample_0670.ppm,Kegalle,Maha,Cabbage,5.12,106.17,26.53,49.99,17.85,3.12
images/sample_0671.ppm,Polonnaruwa,Maha,Tomato,5.61,91.15,17.87,55.36,19.39,2.06
images/sample_0672.ppm,Moneragala,Yala,Maize,6.68,169.77,30.06,95.94,49.54,5.07
images/sample_0673.ppm,Matale,Yala,Chilli,7.12,158.53,33.15,80.74,43.26,4.75
images/sample_0674.ppm,Polonnaruwa,Maha,Banana,6.4,117.76,16.12,66.29,33.26,1.22
images/sample_0675.ppm,Anuradhapura,Yala,Potato,6.0,141.06,31.84,54.37,20.8,5.63
images/sample_0676.ppm,Vavuniya,Inter-monsoon,Potato,7.24,63.69,15.76,48.52,10.88,1.67
images/sample_0677.ppm,Puttalam,Inter-monsoon,Carrot,5.63,116.14,13.07,70.7,31.8,1.19
images/sample_0678.ppm,Ampara,Maha,Chilli,6.37,122.25,25.49,81.54,32.79,2.6
images/sample_0679.ppm,Kurunegala,Inter-monsoon,Maize,6.0,200.3,40.81,102.17,55.36,6.37
images/sample_0680.ppm,Galle,Maha,Tomato,7.17,115.82,19.87,64.28,20.66,3.3
images/sample_0681.ppm,Polonnaruwa,Maha,Carrot,7.58,143.11,17.04,105.62,52.49,1.94
images/sample_0682.ppm,Matara,Yala,Carrot,7.18,153.44,27.17,82.47,40.77,4.67
images/sample_0683.ppm,Polonnaruwa,Yala,Maize,5.5,111.35,17.67,75.53,30.29,2.61
images/sample_0684.ppm,Puttalam,Maha,Paddy,5.0,100.69,27.57,58.01,23.88,2.96
images/sample_0685.ppm,Mullaitivu,Inter-monsoon,Maize,5.82,143.58,15.7,104.79,48.31,2.63
images/sample_0686.ppm,Matale,Yala,Chilli,5.42,122.55,20.73,59.0,27.65,3.52
images/sample_0687.ppm,Kalutara,Inter-monsoon,Carrot,7.0,177.64,30.76,104.99,49.55,4.22
images/sample_0688.ppm,Trincomalee,Inter-monsoon,Banana,7.25,143.16,12.26,108.69,49.83,1.01
images/sample_0689.ppm,Kandy,Maha,Potato,6.55,134.52,32.75,59.96,19.18,5.4
images/sample_0690.ppm,Badulla,Maha,Paddy,7.1,127.54,20.88,89.27,34.85,2.28
images/sample_0691.ppm,Batticaloa,Inter-monsoon,Potato,5.57,91.31,21.86,63.52,21.55,1.56
images/sample_0692.ppm,Moneragala,Maha,Cabbage,6.35,182.56,29.22,108.93,53.11,5.03
images/sample_0693.ppm,Badulla,Inter-monsoon,Maize,6.45,142.4,27.52,91.07,37.56,4.26
images/sample_0694.ppm,Moneragala,Inter-monsoon,Tomato,7.34,129.61,23.23,68.1,34.65,2.35
images/sample_0695.ppm,Colombo,Maha,Chilli,6.47,119.35,38.67,47.04,20.41,5.46
images/sample_0696.ppm,Badulla,Yala,Chilli,5.82,161.56,35.8,93.57,38.69,4.87
images/sample_0697.ppm,Puttalam,Inter-monsoon,Cabbage,5.51,195.21,37.33,102.56,57.27,5.03
images/sample_0698.ppm,Anuradhapura,Maha,Paddy,5.9,191.02,35.5,85.1,46.39,5.65
images/sample_0699.ppm,Puttalam,Maha,Banana,7.48,135.0,44.02,55.1,23.4,6.29
images/sample_0700.ppm,Galle,Maha,Carrot,6.89,106.86,36.66,38.7,11.46,5.43
images/sample_0701.ppm,Puttalam,Inter-monsoon,Carrot,6.98,178.62,36.69,77.39,36.94,6.22
images/sample_0702.ppm,Kurunegala,Maha,Potato,5.74,157.1,27.57,94.86,44.58,2.79
images/sample_0703.ppm,Jaffna,Yala,Potato,6.48,97.61,21.14,59.32,16.65,2.11
images/sample_0704.ppm,Ampara,Inter-monsoon,Paddy,5.46,132.36,32.0,63.25,26.62,4.67
images/sample_0705.ppm,Anuradhapura,Yala,Tomato,5.28,102.16,31.06,50.45,18.01,3.93
images/sample_0706.ppm,Ratnapura,Yala,Carrot,4.95,181.43,39.48,107.58,49.47,6.14
images/sample_0707.ppm,Colombo,Yala,Tomato,5.55,136.53,37.6,79.94,30.52,5.16
images/sample_0708.ppm,Colombo,Maha,Chilli,5.06,141.02,21.54,97.47,45.62,2.52
images/sample_0709.ppm,Kilinochchi,Maha,Chilli,6.26,149.41,36.2,73.63,30.08,5.18
images/sample_0710.ppm,Kandy,Inter-monsoon,Potato,6.48,136.4,42.11,66.8,20.46,5.87
images/sample_0711.ppm,Jaffna,Maha,Chilli,6.72,85.43,15.06,36.14,13.18,2.47
images/sample_0712.ppm,Gampaha,Maha,Potato,7.64,144.24,20.16,96.67,39.81,3.39
images/sample_0713.ppm,Kandy,Inter-monsoon,Chilli,6.32,152.42,34.17,65.08,33.16,4.74
images/sample_0714.ppm,Nuwara Eliya,Inter-monsoon,Carrot,7.3,110.33,24.34,78.58,28.1,2.38
images/sample_0715.ppm,Nuwara Eliya,Inter-monsoon,Paddy,5.33,78.21,17.94,36.38,13.78,1.57
images/sample_0716.ppm,Anuradhapura,Yala,Cabbage,5.66,137.91,40.29,54.86,25.63,5.86
images/sample_0717.ppm,Mannar,Maha,Paddy,5.0,160.67,28.73,95.5,39.68,4.15
images/sample_0718.ppm,Kegalle,Maha,Carrot,6.15,157.27,24.08,88.1,44.17,3.93
images/sample_0719.ppm,Kalutara,Inter-monsoon,Paddy,6.02,127.34,35.36,67.07,25.44,5.08
images/sample_0720.ppm,Colombo,Yala,Banana,6.72,104.6,36.17,34.59,10.19,4.8
images/sample_0721.ppm,Mannar,Maha,Carrot,7.78,153.71,24.86,110.52,53.11,2.27
images/sample_0722.ppm,Kurunegala,Yala,Tomato,7.27,104.18,28.37,48.19,15.29,4.56
images/sample_0723.ppm,Badulla,Maha,Paddy,6.11,117.06,30.84,58.21,25.64,4.31
images/sample_0724.ppm,Polonnaruwa,Inter-monsoon,Potato,7.78,156.82,27.05,90.98,43.84,4.63
images/sample_0725.ppm,Kandy,Yala,Cabbage,5.8,131.16,16.47,89.37,37.43,1.92
images/sample_0726.ppm,Polonnaruwa,Inter-monsoon,Paddy,5.05,136.43,36.24,75.3,25.57,5.95
images/sample_0727.ppm,Matale,Yala,Potato,7.59,149.43,22.69,102.71,46.25,3.03
images/sample_0728.ppm,Nuwara Eliya,Inter-monsoon,Tomato,7.0,130.99,21.92,74.32,30.24,3.54
images/sample_0729.ppm,Trincomalee,Inter-monsoon,Potato,5.94,124.13,25.24,85.24,32.71,3.15
images/sample_0730.ppm,Hambantota,Maha,Maize,5.68,151.08,14.22,103.78,53.37,1.7
images/sample_0731.ppm,Batticaloa,Inter-monsoon,Maize,5.67,124.45,43.63,53.55,16.39,6.23
images/sample_0732.ppm,Kalutara,Maha,Chilli,6.14,168.6,33.42,113.91,53.95,4.2
images/sample_0733.ppm,Anuradhapura,Yala,Banana,5.33,132.21,17.5,91.31,36.91,2.52
images/sample_0734.ppm,Ampara,Inter-monsoon,Carrot,7.41,125.41,35.71,48.5,18.19,5.45
images/sample_0735.ppm,Kandy,Inter-monsoon,Banana,7.12,160.7,27.01,102.46,52.73,2.63
images/sample_0736.ppm,Jaffna,Inter-monsoon,Tomato,6.09,100.36,20.17,60.9,23.83,2.78
images/sample_0737.ppm,Ratnapura,Yala,Cabbage,5.22,198.82,37.45,94.25,52.02,5.76
images/sample_0738.ppm,Puttalam,Maha,Banana,5.52,158.1,19.52,108.15,55.87,1.69
images/sample_0739.ppm,Mullaitivu,Yala,Paddy,5.85,141.75,19.87,75.08,38.52,2.56
images/sample_0740.ppm,Matale,Inter-monsoon,Paddy,5.58,202.29,41.56,91.3,48.88,6.28
images/sample_0741.ppm,Mannar,Maha,Banana,6.91,137.76,17.25,89.91,40.82,1.72
images/sample_0742.ppm,Ampara,Maha,Banana,6.76,167.32,40.42,84.17,32.82,6.27
images/sample_0743.ppm,Matara,Maha,Potato,5.49,127.07,17.32,77.08,40.69,1.38
images/sample_0744.ppm,Vavuniya,Yala,Paddy,6.64,125.46,35.8,46.28,18.49,6.31
images/sample_0745.ppm,Matara,Inter-monsoon,Cabbage,7.78,158.19,21.06,103.9,45.97,2.89
images/sample_0746.ppm,Anuradhapura,Yala,Tomato,6.25,115.1,30.51,45.84,16.54,4.33
images/sample_0747.ppm,Trincomalee,Maha,Carrot,6.46,89.66,19.48,76.83,28.8,1.18
images/sample_0748.ppm,Mannar,Yala,Chilli,7.58,128.04,25.98,70.79,32.18,3.14
images/sample_0749.ppm,Ampara,Yala,Potato,6.16,108.71,29.61,46.88,19.97,3.7
images/sample_0750.ppm,Galle,Yala,Maize,7.68,125.08,19.67,67.08,32.27,3.13
images/sample_0751.ppm,Gampaha,Inter-monsoon,Chilli,6.85,186.72,40.33,93.93,52.15,6.15
images/sample_0752.ppm,Puttalam,Inter-monsoon,Chilli,5.31,138.04,40.41,63.99,21.54,5.1
images/sample_0753.ppm,Batticaloa,Maha,Maize,6.91,99.78,28.85,48.21,10.94,5.08
images/sample_0754.ppm,Kandy,Inter-monsoon,Carrot,6.38,160.59,33.37,80.52,31.79,5.34
images/sample_0755.ppm,Vavuniya,Maha,Potato,7.44,182.11,35.1,106.16,47.79,4.97
images/sample_0756.ppm,Hambantota,Inter-monsoon,Cabbage,6.5,81.27,20.63,48.8,10.4,3.53
images/sample_0757.ppm,Polonnaruwa,Inter-monsoon,Banana,7.74,143.89,15.74,100.07,53.56,1.18
images/sample_0758.ppm,Galle,Yala,Chilli,6.22,163.79,33.12,86.0,46.3,4.66
images/sample_0759.ppm,Polonnaruwa,Inter-monsoon,Banana,6.68,129.7,14.46,75.98,34.92,2.21
images/sample_0760.ppm,Anuradhapura,Inter-monsoon,Maize,4.92,116.82,30.77,78.33,30.87,3.39
images/sample_0761.ppm,Hambantota,Inter-monsoon,Carrot,6.07,89.67,23.48,53.38,12.12,3.35
images/sample_0762.ppm,Ratnapura,Inter-monsoon,Tomato,6.35,101.29,30.88,50.3,12.21,5.09
images/sample_0763.ppm,Kurunegala,Maha,Cabbage,7.47,177.5,27.64,105.78,52.66,3.27
images/sample_0764.ppm,Moneragala,Yala,Chilli,7.18,192.42,34.09,100.36,50.03,5.97
images/sample_0765.ppm,Trincomalee,Yala,Paddy,4.98,98.4,15.61,64.89,21.46,2.16
images/sample_0766.ppm,Jaffna,Maha,Tomato,7.51,113.96,29.93,50.28,12.12,4.59
images/sample_0767.ppm,Nuwara Eliya,Yala,Carrot,5.49,134.4,27.63,77.61,33.73,2.77
images/sample_0768.ppm,Hambantota,Inter-monsoon,Cabbage,7.44,154.22,31.27,79.04,33.58,4.51
images/sample_0769.ppm,Anuradhapura,Yala,Tomato,5.77,138.07,39.98,68.41,22.52,5.06
images/sample_0770.ppm,Hambantota,Maha,Banana,6.3,115.6,16.22,73.74,24.98,2.41
images/sample_0771.ppm,Polonnaruwa,Yala,Chilli,7.74,167.63,40.53,83.36,41.88,6.37
images/sample_0772.ppm,Ratnapura,Yala,Chilli,5.72,96.59,20.09,54.03,22.68,2.57
images/sample_0773.ppm,Trincomalee,Inter-monsoon,Chilli,6.78,202.91,44.7,102.37,53.87,6.34
images/sample_0774.ppm,Moneragala,Yala,Tomato,6.78,183.7,37.67,98.58,52.34,4.95
images/sample_0775.ppm,Kilinochchi,Inter-monsoon,Maize,6.22,161.75,28.7,104.57,46.78,4.11
images/sample_0776.ppm,Hambantota,Yala,Carrot,5.42,75.46,19.06,39.53,11.42,2.68
images/sample_0777.ppm,Matara,Yala,Carrot,6.46,90.05,33.62,49.36,11.23,4.23
images/sample_0778.ppm,Kilinochchi,Maha,Chilli,5.69,112.13,25.54,63.36,20.96,4.44
images/sample_0779.ppm,Kegalle,Yala,Banana,7.46,113.53,30.72,39.33,15.06,4.76
images/sample_0780.ppm,Nuwara Eliya,Inter-monsoon,Cabbage,7.13,153.95,22.99,107.46,50.55,3.14
images/sample_0781.ppm,Mannar,Inter-monsoon,Maize,7.18,82.96,21.82,51.78,16.89,2.19
images/sample_0782.ppm,Mullaitivu,Inter-monsoon,Paddy,6.89,149.25,44.04,72.36,32.66,6.34
images/sample_0783.ppm,Kurunegala,Yala,Potato,5.35,85.88,21.84,35.66,13.38,3.13
images/sample_0784.ppm,Vavuniya,Inter-monsoon,Banana,6.14,93.87,22.4,56.07,15.07,2.51
images/sample_0785.ppm,Anuradhapura,Maha,Cabbage,7.3,187.02,36.95,100.94,47.87,5.03
images/sample_0786.ppm,Kilinochchi,Yala,Paddy,5.97,154.57,40.22,82.93,34.55,5.59
images/sample_0787.ppm,Kalutara,Yala,Chilli,7.48,120.74,27.31,73.04,26.98,2.88
images/sample_0788.ppm,Colombo,Maha,Paddy,6.15,139.72,29.97,91.86,36.7,4.32
images/sample_0789.ppm,Kurunegala,Yala,Maize,5.33,84.94,20.83,52.34,11.95,3.1
images/sample_0790.ppm,Batticaloa,Inter-monsoon,Chilli,7.25,104.02,29.9,43.38,13.94,5.13
images/sample_0791.ppm,Kegalle,Maha,Banana,5.06,142.77,34.16,96.65,40.65,3.98
images/sample_0792.ppm,Hambantota,Yala,Paddy,5.43,106.95,13.86,76.22,30.69,1.39
images/sample_0793.ppm,Ampara,Inter-monsoon,Paddy,4.94,199.22,37.43,103.77,55.05,5.39
images/sample_0794.ppm,Matale,Yala,Cabbage,6.12,143.03,21.18,103.06,46.88,2.09
images/sample_0795.ppm,Gampaha,Inter-monsoon,Chilli,7.26,156.43,33.26,84.42,32.73,5.3
images/sample_0796.ppm,Matale,Maha,Carrot,5.0,166.04,28.65,106.43,48.76,3.77
images/sample_0797.ppm,Gampaha,Maha,Cabbage,6.23,168.57,38.45,94.93,45.56,4.82
images/sample_0798.ppm,Trincomalee,Maha,Banana,5.34,150.13,38.21,77.06,35.7,4.83
images/sample_0799.ppm,Hambantota,Yala,Paddy,5.03,100.37,34.15,55.31,13.93,4.77
images/sample_0800.ppm,Mannar,Yala,Cabbage,6.58,153.21,39.89,86.13,34.67,5.57
images/sample_0801.ppm,Matara,Maha,Cabbage,5.79,88.16,27.66,47.06,11.45,3.47
images/sample_0802.ppm,Kurunegala,Maha,Tomato,5.46,159.5,25.71,76.67,38.83,4.39
images/sample_0803.ppm,Kilinochchi,Inter-monsoon,Cabbage,6.29,127.62,35.59,52.38,21.77,5.73
images/sample_0804.ppm,Gampaha,Yala,Maize,6.69,117.27,41.64,35.52,11.21,5.49
images/sample_0805.ppm,Colombo,Yala,Cabbage,5.15,141.62,39.97,60.49,26.82,5.94
images/sample_0806.ppm,Ratnapura,Maha,Banana,5.84,119.8,31.73,53.65,22.7,4.68
images/sample_0807.ppm,Ampara,Inter-monsoon,Cabbage,7.13,118.02,42.2,46.62,10.91,6.31
images/sample_0808.ppm,Moneragala,Yala,Banana,6.8,137.76,25.15,75.29,27.56,4.3
images/sample_0809.ppm,Puttalam,Maha,Paddy,5.49,89.68,26.89,39.42,15.53,2.6
images/sample_0810.ppm,Anuradhapura,Inter-monsoon,Tomato,4.91,146.37,36.43,77.66,29.23,5.43
images/sample_0811.ppm,Jaffna,Yala,Tomato,5.15,156.79,20.47,98.58,54.33,1.68
images/sample_0812.ppm,Mannar,Maha,Chilli,5.75,144.34,40.85,64.42,28.57,5.4
images/sample_0813.ppm,Trincomalee,Yala,Paddy,6.83,187.96,34.75,108.29,48.27,5.64
images/sample_0814.ppm,Ratnapura,Inter-monsoon,Carrot,6.14,125.02,19.23,70.41,29.6,3.13
images/sample_0815.ppm,Mullaitivu,Inter-monsoon,Tomato,5.81,161.84,36.73,91.52,39.8,5.52
images/sample_0816.ppm,Kalutara,Inter-monsoon,Maize,7.44,119.34,45.65,49.34,14.78,6.12
images/sample_0817.ppm,Moneragala,Yala,Cabbage,7.61,129.57,25.31,67.35,27.87,4.34
images/sample_0818.ppm,Kalutara,Yala,Chilli,7.55,121.31,26.48,69.19,28.46,3.93
images/sample_0819.ppm,Kalutara,Yala,Cabbage,6.41,161.01,17.63,117.14,57.43,1.7
images/sample_0820.ppm,Moneragala,Inter-monsoon,Carrot,5.24,130.45,41.28,54.4,15.24,5.47
images/sample_0821.ppm,Kalutara,Maha,Banana,7.34,132.66,38.49,73.68,25.43,4.93
images/sample_0822.ppm,Puttalam,Inter-monsoon,Paddy,5.27,136.53,25.47,95.67,40.07,3.46
images/sample_0823.ppm,Galle,Maha,Maize,5.95,70.94,19.82,48.94,13.06,2.24
images/sample_0824.ppm,Kurunegala,Maha,Carrot,7.52,108.71,12.53,61.26,27.2,1.84
images/sample_0825.ppm,Colombo,Inter-monsoon,Potato,4.94,68.94,14.24,48.95,13.6,1.41
images/sample_0826.ppm,Puttalam,Maha,Paddy,4.92,184.99,34.12,112.36,57.99,3.93
images/sample_0827.ppm,Hambantota,Inter-monsoon,Chilli,7.54,137.51,35.91,62.13,29.5,4.87
images/sample_0828.ppm,Vavuniya,Inter-monsoon,Cabbage,7.79,113.3,42.05,52.7,14.63,6.03
images/sample_0829.ppm,Puttalam,Inter-monsoon,Potato,6.36,187.96,28.9,92.38,51.19,4.85
images/sample_0830.ppm,Ratnapura,Maha,Carrot,7.06,175.16,36.8,107.45,51.14,5.28
images/sample_0831.ppm,Hambantota,Yala,Tomato,5.33,171.2,23.32,98.08,52.29,3.85
images/sample_0832.ppm,Gampaha,Yala,Potato,5.42,158.02,40.62,69.23,36.03,5.77
images/sample_0833.ppm,Ratnapura,Yala,Chilli,5.26,119.08,28.39,85.45,33.2,3.07
images/sample_0834.ppm,Gampaha,Yala,Paddy,6.54,125.22,18.18,81.53,42.74,1.29
images/sample_0835.ppm,Ratnapura,Yala,Cabbage,5.21,196.01,31.8,97.35,53.73,5.44
images/sample_0836.ppm,Kegalle,Inter-monsoon,Paddy,6.06,101.77,30.49,59.91,16.12,3.73
images/sample_0837.ppm,Batticaloa,Yala,Banana,7.37,130.26,26.9,53.18,23.65,4.65
images/sample_0838.ppm,Batticaloa,Inter-monsoon,Banana,5.43,107.41,15.47,66.83,23.8,2.21
images/sample_0839.ppm,Ampara,Yala,Banana,7.26,134.1,27.62,73.03,29.51,4.59
images/sample_0840.ppm,Polonnaruwa,Inter-monsoon,Chilli,7.24,113.99,17.87,75.04,31.99,2.07
images/sample_0841.ppm,Trincomalee,Inter-monsoon,Carrot,5.13,183.44,37.47,105.66,49.14,5.03
images/sample_0842.ppm,Mannar,Inter-monsoon,Potato,6.96,94.73,29.4,45.97,13.22,3.35
images/sample_0843.ppm,Gampaha,Inter-monsoon,Potato,7.25,122.18,28.91,70.98,27.69,3.56
images/sample_0844.ppm,Hambantota,Inter-monsoon,Tomato,6.1,167.04,21.86,118.49,55.16,1.63
images/sample_0845.ppm,Kandy,Inter-monsoon,Chilli,5.41,149.05,29.06,91.46,43.08,4.21
images/sample_0846.ppm,Ratnapura,Inter-monsoon,Paddy,7.61,79.45,26.7,35.6,12.64,2.6
images/sample_0847.ppm,Mannar,Maha,Tomato,7.09,137.26,36.44,58.15,19.54,5.71
images/sample_0848.ppm,Hambantota,Yala,Paddy,6.08,156.97,8.61,104.31,55.98,1.09
images/sample_0849.ppm,Jaffna,Yala,Potato,7.62,181.33,25.58,113.48,56.62,3.31
images/sample_0850.ppm,Polonnaruwa,Inter-monsoon,Cabbage,7.06,139.36,19.95,90.74,38.32,2.25
images/sample_0851.ppm,Ratnapura,Yala,Chilli,6.36,141.91,35.41,63.19,22.37,5.4
images/sample_0852.ppm,Moneragala,Inter-monsoon,Paddy,6.38,162.39,27.93,96.19,53.96,3.62
images/sample_0853.ppm,Anuradhapura,Inter-monsoon,Tomato,5.87,160.15,33.37,83.93,36.65,4.96
images/sample_0854.ppm,Kurunegala,Yala,Cabbage,6.96,158.91,12.73,93.24,49.7,1.88
images/sample_0855.ppm,Polonnaruwa,Yala,Banana,5.58,100.1,29.53,46.28,19.86,3.8
images/sample_0856.ppm,Matara,Yala,Banana,7.78,96.65,29.75,53.02,15.26,3.98
images/sample_0857.ppm,Kegalle,Maha,Chilli,5.33,122.61,34.57,56.08,24.99,4.07
images/sample_0858.ppm,Vavuniya,Yala,Cabbage,7.76,148.7,33.55,55.85,25.72,5.31
images/sample_0859.ppm,Puttalam,Inter-monsoon,Chilli,7.29,148.06,31.71,90.91,40.43,4.7
images/sample_0860.ppm,Batticaloa,Maha,Tomato,7.56,146.62,33.11,79.04,33.05,3.83
images/sample_0861.ppm,Vavuniya,Yala,Paddy,7.77,94.77,27.1,56.04,18.72,3.52
images/sample_0862.ppm,Moneragala,Yala,Carrot,6.21,123.35,40.18,46.5,14.07,6.3
images/sample_0863.ppm,Badulla,Maha,Maize,5.24,199.09,42.42,100.22,49.46,6.33
images/sample_0864.ppm,Mullaitivu,Maha,Banana,7.8,165.47,30.12,100.1,49.46,3.22
images/sample_0865.ppm,Kandy,Maha,Potato,7.62,116.07,30.11,57.57,18.33,3.61
images/sample_0866.ppm,Jaffna,Maha,Banana,7.47,157.12,33.62,88.7,35.05,4.71
images/sample_0867.ppm,Kalutara,Inter-monsoon,Chilli,6.28,121.83,8.72,92.78,42.69,1.24
images/sample_0868.ppm,Badulla,Maha,Carrot,4.98,132.6,19.83,95.09,40.81,2.23
images/sample_0869.ppm,Colombo,Maha,Chilli,6.75,121.4,22.25,71.93,28.8,3.6
images/sample_0870.ppm,Batticaloa,Inter-monsoon,Maize,6.8,170.05,15.54,116.21,55.99,2.5
images/sample_0871.ppm,Hambantota,Yala,Chilli,5.97,107.59,27.13,53.52,16.59,4.76
images/sample_0872.ppm,Puttalam,Maha,Paddy,7.61,117.58,22.5,85.73,40.48,1.69
images/sample_0873.ppm,Anuradhapura,Inter-monsoon,Paddy,7.3,151.81,42.6,70.46,34.19,5.65
images/sample_0874.ppm,Puttalam,Inter-monsoon,Banana,6.93,164.28,36.13,80.8,37.92,4.64
images/sample_0875.ppm,Puttalam,Yala,Potato,5.3,139.3,34.16,56.11,23.13,5.66
images/sample_0876.ppm,Batticaloa,Yala,Potato,6.82,183.24,30.27,122.57,57.68,4.79
images/sample_0877.ppm,Nuwara Eliya,Yala,Carrot,5.88,163.77,20.74,99.59,54.58,3.32
images/sample_0878.ppm,Jaffna,Yala,Potato,4.96,120.38,24.62,66.98,26.16,4.2
images/sample_0879.ppm,Polonnaruwa,Inter-monsoon,Potato,6.5,134.93,38.36,60.25,25.74,6.04
images/sample_0880.ppm,Batticaloa,Inter-monsoon,Chilli,6.7,186.67,37.97,105.91,54.08,5.08
images/sample_0881.ppm,Badulla,Inter-monsoon,Tomato,7.67,152.8,35.04,92.49,40.4,4.9
images/sample_0882.ppm,Gampaha,Maha,Paddy,6.17,131.57,15.77,80.3,37.45,1.43
images/sample_0883.ppm,Kandy,Yala,Tomato,6.87,159.97,34.92,92.17,43.53,4.4
images/sample_0884.ppm,Badulla,Maha,Paddy,7.62,109.68,19.52,58.74,22.18,2.84
images/sample_0885.ppm,Kandy,Inter-monsoon,Potato,7.27,143.32,38.31,63.81,30.02,5.65
images/sample_0886.ppm,Ratnapura,Yala,Paddy,6.88,85.68,24.55,55.46,18.5,2.6
images/sample_0887.ppm,Kilinochchi,Maha,Tomato,6.12,139.8,40.55,57.06,18.91,5.74
images/sample_0888.ppm,Vavuniya,Yala,Maize,7.37,144.8,22.06,107.99,49.69,2.01
images/sample_0889.ppm,Colombo,Inter-monsoon,Cabbage,5.32,121.13,24.22,83.72,33.43,3.24
images/sample_0890.ppm,Matara,Yala,Cabbage,5.36,102.71,17.97,61.35,25.17,1.44
images/sample_0891.ppm,Vavuniya,Inter-monsoon,Chilli,6.06,124.84,25.71,58.23,22.45,3.85
images/sample_0892.ppm,Ampara,Yala,Chilli,7.63,101.86,25.73,40.52,15.09,3.83
images/sample_0893.ppm,Kandy,Inter-monsoon,Potato,6.33,123.89,15.25,91.77,38.62,1.85
images/sample_0894.ppm,Ratnapura,Maha,Carrot,7.01,114.63,26.32,66.49,25.72,3.6
images/sample_0895.ppm,Mannar,Inter-monsoon,Maize,6.77,82.71,10.29,46.12,13.1,1.28
images/sample_0896.ppm,Vavuniya,Yala,Paddy,5.04,158.94,25.67,83.62,44.38,3.52
images/sample_0897.ppm,Mullaitivu,Maha,Chilli,7.24,67.29,16.12,43.06,13.68,1.27
images/sample_0898.ppm,Mullaitivu,Inter-monsoon,Banana,7.28,177.9,38.99,94.6,45.8,5.78
images/sample_0899.ppm,Polonnaruwa,Yala,Potato,7.24,189.4,37.17,109.51,51.19,4.76
images/sample_0900.ppm,Gampaha,Yala,Chilli,6.13,118.83,33.19,54.29,23.44,4.36
images/sample_0901.ppm,Polonnaruwa,Inter-monsoon,Maize,4.9,100.27,28.78,47.41,12.65,3.4
images/sample_0902.ppm,Puttalam,Yala,Tomato,5.69,165.15,19.5,117.14,57.92,2.26
images/sample_0903.ppm,Gampaha,Inter-monsoon,Chilli,7.42,89.13,17.78,54.63,12.43,1.94
images/sample_0904.ppm,Badulla,Maha,Chilli,6.49,141.35,19.25,98.17,46.36,1.93
images/sample_0905.ppm,Kurunegala,Maha,Tomato,5.05,165.71,32.14,90.19,44.22,4.24
images/sample_0906.ppm,Kurunegala,Maha,Carrot,5.06,81.97,15.43,54.34,16.68,2.53
images/sample_0907.ppm,Batticaloa,Maha,Carrot,6.35,169.36,30.72,108.19,50.98,4.66
images/sample_0908.ppm,Nuwara Eliya,Inter-monsoon,Potato,4.91,161.71,28.87,78.83,39.59,4.8
images/sample_0909.ppm,Anuradhapura,Maha,Carrot,6.98,189.79,34.75,97.08,45.02,5.99
images/sample_0910.ppm,Trincomalee,Yala,Tomato,6.72,138.81,30.07,91.76,38.59,3.87
images/sample_0911.ppm,Badulla,Yala,Paddy,5.84,119.9,14.93,83.15,39.52,1.36
images/sample_0912.ppm,Matale,Inter-monsoon,Maize,7.74,168.52,22.76,106.57,55.66,1.9
images/sample_0913.ppm,Moneragala,Maha,Carrot,6.42,151.83,25.76,93.18,47.75,3.74
images/sample_0914.ppm,Kandy,Inter-monsoon,Chilli,5.84,92.57,30.49,40.77,13.12,4.08
images/sample_0915.ppm,Badulla,Inter-monsoon,Tomato,4.98,161.11,30.64,104.4,51.42,4.0
images/sample_0916.ppm,Vavuniya,Inter-monsoon,Cabbage,5.22,115.87,40.69,46.95,11.16,5.34
images/sample_0917.ppm,Mullaitivu,Inter-monsoon,Tomato,5.11,58.84,12.48,39.92,11.44,1.21
images/sample_0918.ppm,Galle,Inter-monsoon,Maize,7.63,126.15,28.74,66.05,30.9,3.0
images/sample_0919.ppm,Mannar,Yala,Carrot,7.77,174.15,38.27,73.07,37.53,6.17
images/sample_0920.ppm,Gampaha,Inter-monsoon,Tomato,6.59,141.75,14.27,95.22,47.81,1.29
images/sample_0921.ppm,Nuwara Eliya,Inter-monsoon,Potato,7.11,111.71,19.53,62.44,28.3,2.91
images/sample_0922.ppm,Batticaloa,Maha,Paddy,7.75,106.53,24.49,65.68,32.02,2.03
images/sample_0923.ppm,Moneragala,Inter-monsoon,Banana,6.24,143.54,33.68,67.67,28.24,5.14
images/sample_0924.ppm,Nuwara Eliya,Maha,Banana,5.61,159.01,22.2,98.26,45.3,3.33
images/sample_0925.ppm,Puttalam,Maha,Maize,5.73,127.73,18.74,66.52,32.0,2.32
images/sample_0926.ppm,Kilinochchi,Yala,Carrot,6.64,159.42,14.74,89.43,48.78,2.33
images/sample_0927.ppm,Ratnapura,Inter-monsoon,Carrot,4.91,169.85,31.6,80.93,39.97,5.3
images/sample_0928.ppm,Moneragala,Maha,Chilli,6.48,154.58,21.74,106.64,52.49,2.28
images/sample_0929.ppm,Kurunegala,Yala,Paddy,7.79,108.6,34.35,40.04,12.47,3.98
images/sample_0930.ppm,Matale,Inter-monsoon,Potato,7.67,118.08,31.64,51.04,14.99,4.7
images/sample_0931.ppm,Jaffna,Yala,Tomato,5.28,151.24,36.07,79.2,30.9,5.47
images/sample_0932.ppm,Matara,Maha,Paddy,5.71,98.14,27.3,46.55,17.84,3.8
images/sample_0933.ppm,Ratnapura,Yala,Cabbage,6.21,176.62,38.66,85.82,41.99,5.0
images/sample_0934.ppm,Kalutara,Inter-monsoon,Tomato,5.84,148.64,29.78,93.28,44.55,3.56
images/sample_0935.ppm,Kegalle,Inter-monsoon,Banana,7.45,144.82,25.16,101.97,46.81,2.87
images/sample_0936.ppm,Kurunegala,Maha,Tomato,6.17,156.98,27.48,89.11,36.26,4.17
images/sample_0937.ppm,Mannar,Inter-monsoon,Carrot,7.27,108.37,20.89,59.35,26.45,2.19
images/sample_0938.ppm,Anuradhapura,Maha,Chilli,6.05,84.24,23.39,55.03,20.41,1.88
images/sample_0939.ppm,Jaffna,Inter-monsoon,Tomato,6.47,194.64,35.52,109.43,54.02,5.88
images/sample_0940.ppm,Colombo,Yala,Carrot,6.83,147.86,20.18,108.44,52.23,2.09
images/sample_0941.ppm,Gampaha,Yala,Tomato,6.29,144.57,8.6,106.99,57.76,1.13
images/sample_0942.ppm,Moneragala,Yala,Tomato,5.53,93.49,23.19,56.17,14.48,2.31
images/sample_0943.ppm,Colombo,Yala,Potato,5.59,109.92,28.27,37.57,11.68,4.17
images/sample_0944.ppm,Kandy,Maha,Maize,5.34,116.55,35.19,54.21,12.45,5.45
images/sample_0945.ppm,Ampara,Yala,Chilli,5.79,114.68,9.33,87.82,39.22,1.34
images/sample_0946.ppm,Jaffna,Yala,Banana,6.95,150.98,29.64,101.69,46.84,3.39
images/sample_0947.ppm,Trincomalee,Inter-monsoon,Maize,5.63,112.77,23.17,63.63,24.69,3.93
images/sample_0948.ppm,Galle,Yala,Potato,6.92,92.39,25.15,45.28,14.34,3.2
images/sample_0949.ppm,Kalutara,Maha,Potato,6.6,75.46,9.68,50.17,17.37,1.12
images/sample_0950.ppm,Mullaitivu,Inter-monsoon,Cabbage,6.24,113.08,29.87,64.06,19.26,3.81
images/sample_0951.ppm,Mannar,Yala,Tomato,6.06,174.83,25.93,106.98,51.04,4.45
images/sample_0952.ppm,Polonnaruwa,Maha,Carrot,6.61,121.74,16.46,88.21,40.26,1.85
images/sample_0953.ppm,Kegalle,Inter-monsoon,Maize,5.67,160.71,37.95,83.51,42.48,5.13
images/sample_0954.ppm,Moneragala,Inter-monsoon,Carrot,6.83,150.04,29.63,94.07,49.36,3.25
images/sample_0955.ppm,Batticaloa,Yala,Banana,6.88,130.63,22.04,88.34,42.86,2.45
images/sample_0956.ppm,Jaffna,Inter-monsoon,Chilli,6.39,158.82,21.53,107.9,49.51,3.41
images/sample_0957.ppm,Kalutara,Maha,Potato,7.22,154.7,43.65,78.13,29.35,6.01
images/sample_0958.ppm,Kalutara,Yala,Potato,4.93,95.56,30.5,32.95,11.22,4.86
images/sample_0959.ppm,Badulla,Inter-monsoon,Maize,6.26,140.17,15.75,98.66,43.49,1.43
images/sample_0960.ppm,Badulla,Inter-monsoon,Banana,7.33,128.89,28.61,53.4,17.49,4.89
images/sample_0961.ppm,Ratnapura,Inter-monsoon,Carrot,6.89,162.1,23.79,104.23,49.05,3.15
images/sample_0962.ppm,Badulla,Inter-monsoon,Potato,6.02,162.64,29.07,111.22,49.78,3.19
images/sample_0963.ppm,Polonnaruwa,Yala,Chilli,5.24,118.05,30.29,50.5,18.18,5.15
images/sample_0964.ppm,Jaffna,Yala,Carrot,6.4,123.18,22.67,83.14,38.43,2.13
images/sample_0965.ppm,Ratnapura,Yala,Tomato,7.53,146.02,29.27,68.66,32.44,4.7
images/sample_0966.ppm,Ampara,Maha,Chilli,5.89,130.9,28.91,66.1,28.84,4.31
images/sample_0967.ppm,Nuwara Eliya,Inter-monsoon,Potato,5.05,163.8,29.51,97.52,43.86,3.96
images/sample_0968.ppm,Hambantota,Maha,Potato,6.31,118.66,16.03,80.98,30.09,1.74
images/sample_0969.ppm,Colombo,Inter-monsoon,Cabbage,6.66,140.94,33.11,75.34,33.41,5.34
images/sample_0970.ppm,Matale,Inter-monsoon,Carrot,6.02,136.84,11.95,96.93,49.66,1.4
images/sample_0971.ppm,Matale,Inter-monsoon,Chilli,7.55,106.35,25.22,57.03,25.04,2.19
images/sample_0972.ppm,Mullaitivu,Yala,Chilli,6.63,134.62,37.23,66.17,20.76,6.18
images/sample_0973.ppm,Hambantota,Maha,Banana,7.63,116.34,27.35,53.24,18.84,4.79
images/sample_0974.ppm,Mullaitivu,Yala,Maize,5.96,142.25,33.42,76.36,32.81,5.1
images/sample_0975.ppm,Badulla,Maha,Potato,6.95,77.56,18.45,45.47,11.06,1.54
images/sample_0976.ppm,Mullaitivu,Yala,Paddy,6.63,162.47,33.79,85.15,38.25,4.77
images/sample_0977.ppm,Mannar,Inter-monsoon,Chilli,7.2,170.2,35.84,87.49,37.93,5.89
images/sample_0978.ppm,Jaffna,Maha,Paddy,6.81,170.81,22.67,114.4,55.37,3.29
images/sample_0979.ppm,Hambantota,Maha,Paddy,5.84,184.57,35.13,113.18,56.88,5.33
images/sample_0980.ppm,Batticaloa,Inter-monsoon,Tomato,6.12,144.8,45.41,78.86,28.98,6.13
images/sample_0981.ppm,Mannar,Yala,Tomato,6.17,144.06,35.91,73.41,26.39,5.5
images/sample_0982.ppm,Kurunegala,Inter-monsoon,Banana,6.78,117.89,14.03,72.53,36.07,1.26
images/sample_0983.ppm,Polonnaruwa,Inter-monsoon,Paddy,6.7,98.84,19.11,69.78,23.63,1.44
images/sample_0984.ppm,Badulla,Maha,Maize,5.61,179.27,33.78,110.46,55.93,4.29
images/sample_0985.ppm,Matara,Maha,Tomato,4.92,155.67,11.45,116.89,55.78,1.55
images/sample_0986.ppm,Batticaloa,Yala,Cabbage,5.48,162.74,21.5,104.7,48.06,2.64
images/sample_0987.ppm,Kilinochchi,Inter-monsoon,Cabbage,6.72,178.33,33.53,95.6,49.47,4.31
images/sample_0988.ppm,Anuradhapura,Yala,Tomato,5.87,87.95,26.31,56.52,19.57,2.54
images/sample_0989.ppm,Ratnapura,Yala,Paddy,6.89,99.62,15.65,61.47,30.68,1.11
images/sample_0990.ppm,Matara,Inter-monsoon,Carrot,5.62,156.68,26.12,99.6,50.68,3.39
images/sample_0991.ppm,Moneragala,Inter-monsoon,Cabbage,7.02,103.75,27.25,55.78,12.53,3.92
images/sample_0992.ppm,Mannar,Yala,Cabbage,7.58,111.01,22.52,64.62,19.67,3.86
images/sample_0993.ppm,Anuradhapura,Yala,Potato,7.23,150.27,31.71,75.36,38.86,4.8
images/sample_0994.ppm,Colombo,Inter-monsoon,Cabbage,7.1,81.99,19.2,59.49,20.04,2.07
images/sample_0995.ppm,Polonnaruwa,Yala,Carrot,5.27,103.79,32.87,34.89,12.55,3.69
images/sample_0996.ppm,Galle,Yala,Potato,6.24,110.51,26.54,52.06,18.43,3.89
images/sample_0997.ppm,Polonnaruwa,Maha,Paddy,7.04,124.8,23.98,75.33,30.6,2.05
images/sample_0998.ppm,Colombo,Maha,Paddy,5.38,193.23,34.12,99.6,56.02,4.37
images/sample_0999.ppm,Kurunegala,Maha,Carrot,7.29,104.83,15.83,54.41,24.26,1.91
images/sample_1000.ppm,Matara,Maha,Potato,6.34,82.73,23.59,61.24,17.19,1.86
images/sample_1001.ppm,Puttalam,Maha,Banana,6.66,123.26,29.6,63.77,24.53,4.48
images/sample_1002.ppm,Puttalam,Inter-monsoon,Chilli,4.99,121.92,39.25,45.03,16.85,5.66
images/sample_1003.ppm,Galle,Yala,Banana,5.92,168.52,45.04,68.58,31.6,6.22
images/sample_1004.ppm,Moneragala,Inter-monsoon,Carrot,7.28,170.75,29.89,97.13,53.57,4.34
images/sample_1005.ppm,Matale,Yala,Chilli,5.35,89.89,28.63,39.91,15.45,3.06
images/sample_1006.ppm,Hambantota,Maha,Tomato,5.26,118.92,30.25,70.59,22.63,3.75
images/sample_1007.ppm,Hambantota,Yala,Tomato,6.67,136.12,20.61,71.37,35.87,3.07
images/sample_1008.ppm,Gampaha,Maha,Chilli,6.99,181.53,29.79,103.32,52.92,4.04
images/sample_1009.ppm,Galle,Inter-monsoon,Paddy,7.43,174.08,35.17,116.93,57.46,4.09
images/sample_1010.ppm,Moneragala,Inter-monsoon,Paddy,7.62,159.29,23.39,95.5,40.75,3.96
images/sample_1011.ppm,Jaffna,Yala,Maize,7.37,147.09,12.52,101.77,56.77,1.62
images/sample_1012.ppm,Ampara,Yala,Carrot,5.04,170.66,23.39,116.86,56.56,2.01
images/sample_1013.ppm,Matara,Inter-monsoon,Paddy,6.77,167.1,35.12,97.35,46.86,4.91
images/sample_1014.ppm,Kegalle,Inter-monsoon,Chilli,5.86,113.26,27.5,51.64,22.22,4.29
images/sample_1015.ppm,Moneragala,Inter-monsoon,Chilli,6.02,137.19,31.88,54.57,24.51,5.51
images/sample_1016.ppm,Badulla,Inter-monsoon,Banana,7.6,138.18,22.14,92.4,40.25,1.7
images/sample_1017.ppm,Kilinochchi,Yala,Paddy,6.16,115.19,33.25,42.37,17.29,4.8
images/sample_1018.ppm,Vavuniya,Yala,Paddy,5.47,115.5,36.37,31.51,10.69,5.08
images/sample_1019.ppm,Anuradhapura,Maha,Paddy,6.04,145.25,38.26,59.91,29.65,5.64
images/sample_1020.ppm,Kurunegala,Inter-monsoon,Maize,7.69,103.2,13.7,67.28,28.95,1.94
images/sample_1021.ppm,Kandy,Yala,Potato,6.59,99.02,25.9,61.31,18.14,3.3
images/sample_1022.ppm,Kegalle,Maha,Chilli,6.75,197.1,41.25,109.42,54.9,6.03
images/sample_1023.ppm,Trincomalee,Yala,Paddy,5.3,118.39,20.66,87.13,35.97,1.49
images/sample_1024.ppm,Mullaitivu,Maha,Potato,6.2,101.26,37.48,34.9,12.7,4.53
images/sample_1025.ppm,Anuradhapura,Maha,Carrot,5.94,106.1,10.45,72.98,31.98,1.31
images/sample_1026.ppm,Galle,Maha,Chilli,7.38,144.22,18.24,107.35,50.06,2.45
images/sample_1027.ppm,Jaffna,Inter-monsoon,Banana,7.48,180.56,31.87,103.75,53.72,4.66
images/sample_1028.ppm,Kurunegala,Maha,Carrot,6.44,102.6,22.42,73.54,24.85,2.31
images/sample_1029.ppm,Batticaloa,Inter-monsoon,Potato,6.7,193.37,25.97,105.68,54.43,4.47
images/sample_1030.ppm,Gampaha,Yala,Paddy,5.91,121.72,35.06,46.71,13.8,5.4
images/sample_1031.ppm,Moneragala,Yala,Potato,5.13,153.61,32.2,67.42,34.34,5.75
images/sample_1032.ppm,Kilinochchi,Inter-monsoon,Cabbage,5.78,150.06,32.59,90.22,41.12,4.86
images/sample_1033.ppm,Jaffna,Maha,Potato,5.61,159.06,32.65,74.67,34.54,4.87
images/sample_1034.ppm,Kandy,Yala,Maize,6.46,81.48,17.57,54.47,19.92,1.62
images/sample_1035.ppm,Ampara,Maha,Chilli,6.52,157.59,44.92,71.98,34.15,6.01
images/sample_1036.ppm,Batticaloa,Inter-monsoon,Potato,7.54,149.18,25.52,91.81,44.16,2.69
images/sample_1037.ppm,Kandy,Inter-monsoon,Tomato,7.27,165.58,34.62,89.1,44.54,4.32
images/sample_1038.ppm,Matara,Yala,Paddy,4.98,78.46,15.0,35.97,13.86,2.16
images/sample_1039.ppm,Moneragala,Inter-monsoon,Chilli,6.46,88.3,18.99,52.08,19.65,2.29
images/sample_1040.ppm,Ratnapura,Maha,Paddy,5.68,166.86,21.83,107.94,49.12,2.66
images/sample_1041.ppm,Puttalam,Maha,Cabbage,7.78,134.02,35.08,53.45,19.1,5.09
images/sample_1042.ppm,Moneragala,Yala,Potato,7.14,192.53,37.34,100.07,53.04,5.04
images/sample_1043.ppm,Kalutara,Inter-monsoon,Carrot,7.29,174.38,36.28,89.63,48.66,5.15
images/sample_1044.ppm,Kalutara,Maha,Potato,7.39,161.94,28.76,100.1,45.93,3.67
images/sample_1045.ppm,Vavuniya,Yala,Cabbage,5.27,94.58,31.35,44.88,15.79,3.61
images/sample_1046.ppm,Vavuniya,Maha,Maize,4.93,173.84,43.88,70.35,34.75,6.13
images/sample_1047.ppm,Batticaloa,Yala,Tomato,7.14,80.01,23.25,45.43,15.77,2.43
images/sample_1048.ppm,Batticaloa,Maha,Banana,7.05,148.76,27.63,100.87,45.34,3.15
images/sample_1049.ppm,Gampaha,Maha,Maize,5.95,189.76,32.92,115.77,53.98,4.5
images/sample_1050.ppm,Batticaloa,Inter-monsoon,Chilli,6.83,163.69,34.32,87.61,36.99,5.86
images/sample_1051.ppm,Kilinochchi,Inter-monsoon,Paddy,6.75,72.62,20.72,47.88,15.43,1.84
images/sample_1052.ppm,Badulla,Maha,Carrot,7.32,73.04,20.47,52.52,10.94,1.65
images/sample_1053.ppm,Galle,Inter-monsoon,Chilli,5.7,180.2,36.1,102.49,52.92,4.92
images/sample_1054.ppm,Nuwara Eliya,Maha,Carrot,6.26,132.26,20.4,89.06,43.08,2.49
images/sample_1055.ppm,Colombo,Maha,Potato,6.84,118.68,24.09,71.6,31.2,3.25
images/sample_1056.ppm,Colombo,Yala,Chilli,5.22,137.32,12.56,108.97,52.24,1.12
images/sample_1057.ppm,Matale,Yala,Banana,5.82,153.82,33.89,75.26,30.5,5.33
images/sample_1058.ppm,Kandy,Yala,Chilli,5.03,114.94,21.4,66.14,26.83,2.59
images/sample_1059.ppm,Anuradhapura,Yala,Cabbage,6.56,158.33,28.16,76.85,40.98,4.59
images/sample_1060.ppm,Ratnapura,Maha,Banana,6.15,157.9,25.94,88.4,38.98,4.57
images/sample_1061.ppm,Hambantota,Maha,Chilli,5.32,93.05,19.11,74.05,28.02,1.38
images/sample_1062.ppm,Vavuniya,Yala,Tomato,5.14,131.06,32.0,65.56,29.66,4.0
images/sample_1063.ppm,Batticaloa,Inter-monsoon,Tomato,5.26,172.52,21.78,105.33,51.42,2.79
images/sample_1064.ppm,Jaffna,Yala,Banana,6.83,122.52,20.72,73.29,35.76,2.35
images/sample_1065.ppm,Jaffna,Maha,Tomato,5.32,107.97,33.97,53.47,17.75,4.73
images/sample_1066.ppm,Ampara,Maha,Chilli,5.11,118.75,15.9,64.95,26.97,2.17
images/sample_1067.ppm,Kegalle,Maha,Paddy,7.16,85.87,19.28,48.33,14.63,2.61
images/sample_1068.ppm,Matale,Maha,Cabbage,7.11,171.59,38.55,87.04,38.91,6.21
images/sample_1069.ppm,Batticaloa,Inter-monsoon,Carrot,6.66,134.32,16.98,94.39,45.27,1.88
images/sample_1070.ppm,Nuwara Eliya,Inter-monsoon,Carrot,6.1,169.76,22.65,108.95,55.83,2.93
images/sample_1071.ppm,Hambantota,Maha,Banana,7.16,72.2,19.35,66.85,20.27,1.06
images/sample_1072.ppm,Badulla,Maha,Cabbage,6.31,149.61,25.42,101.25,50.34,2.66
images/sample_1073.ppm,Mullaitivu,Inter-monsoon,Potato,5.81,104.73,12.87,60.97,23.03,1.45
images/sample_1074.ppm,Badulla,Maha,Paddy,5.58,180.61,30.71,98.98,55.39,3.33
images/sample_1075.ppm,Mannar,Maha,Carrot,6.6,129.34,15.17,95.27,40.15,1.83
images/sample_1076.ppm,Kandy,Maha,Maize,6.75,120.13,19.87,73.63,32.94,2.33
images/sample_1077.ppm,Ratnapura,Inter-monsoon,Maize,6.15,154.28,23.46,89.43,41.24,3.95
images/sample_1078.ppm,Jaffna,Inter-monsoon,Maize,6.14,146.87,38.24,81.34,33.3,5.01
images/sample_1079.ppm,Kegalle,Yala,Potato,7.64,128.64,8.51,80.54,41.6,1.11
images/sample_1080.ppm,Vavuniya,Yala,Carrot,7.5,194.36,38.09,102.88,57.29,5.7
images/sample_1081.ppm,Hambantota,Yala,Potato,6.88,75.73,17.5,42.71,13.79,1.05
images/sample_1082.ppm,Kandy,Inter-monsoon,Carrot,6.77,117.78,44.7,36.75,14.03,6.15
images/sample_1083.ppm,Ratnapura,Maha,Cabbage,7.28,121.17,44.75,54.9,19.71,6.01
images/sample_1084.ppm,Kilinochchi,Maha,Tomato,7.79,154.54,13.54,120.67,55.88,2.03
images/sample_1085.ppm,Galle,Yala,Tomato,5.96,114.09,31.05,49.88,12.6,5.52
images/sample_1086.ppm,Kurunegala,Inter-monsoon,Maize,5.13,89.68,15.22,52.6,16.54,2.1
images/sample_1087.ppm,Jaffna,Yala,Maize,6.01,157.67,22.12,100.38,50.45,3.05
images/sample_1088.ppm,Matale,Yala,Banana,6.33,201.53,39.66,113.0,54.49,5.82
images/sample_1089.ppm,Matale,Inter-monsoon,Chilli,5.48,150.79,34.56,74.78,27.93,5.59
images/sample_1090.ppm,Anuradhapura,Maha,Maize,5.25,170.41,37.28,92.02,39.37,6.3
images/sample_1091.ppm,Puttalam,Yala,Cabbage,5.22,178.06,26.25,116.85,57.86,3.09
images/sample_1092.ppm,Kurunegala,Maha,Banana,5.68,145.51,26.09,89.78,38.63,3.4
images/sample_1093.ppm,Trincomalee,Maha,Cabbage,5.58,199.14,36.56,104.78,55.5,5.56
images/sample_1094.ppm,Mullaitivu,Yala,Tomato,6.18,67.16,15.11,36.21,12.39,1.39
images/sample_1095.ppm,Jaffna,Maha,Tomato,6.53,161.52,29.2,103.18,46.54,3.31
images/sample_1096.ppm,Kurunegala,Yala,Cabbage,5.98,146.02,17.94,96.27,43.65,2.88
images/sample_1097.ppm,Matara,Maha,Carrot,7.71,165.86,35.61,91.2,44.1,5.68
images/sample_1098.ppm,Matara,Maha,Banana,5.38,184.92,25.64,110.69,56.27,3.77
images/sample_1099.ppm,Mannar,Maha,Banana,5.53,144.3,20.17,113.2,51.76,1.25
images/sample_1100.ppm,Anuradhapura,Inter-monsoon,Potato,6.79,141.7,22.94,78.48,36.62,2.91
images/sample_1101.ppm,Matara,Yala,Paddy,7.73,105.75,28.07,43.12,15.03,4.03
images/sample_1102.ppm,Kurunegala,Maha,Tomato,5.41,95.74,34.9,56.85,13.34,4.08
images/sample_1103.ppm,Puttalam,Maha,Potato,7.54,139.4,44.15,52.36,23.55,6.33
images/sample_1104.ppm,Gampaha,Yala,Maize,5.67,103.29,25.56,47.15,18.24,3.12
images/sample_1105.ppm,Vavuniya,Inter-monsoon,Potato,6.97,124.56,19.29,61.3,26.36,3.14
images/sample_1106.ppm,Mannar,Maha,Banana,6.33,128.76,14.09,72.75,36.84,1.99
images/sample_1107.ppm,Matale,Yala,Maize,6.51,124.14,39.13,66.99,22.43,5.37
images/sample_1108.ppm,Kalutara,Yala,Tomato,7.67,144.33,36.74,62.6,25.44,5.18
images/sample_1109.ppm,Anuradhapura,Maha,Banana,6.55,178.99,32.33,105.55,49.3,3.98
images/sample_1110.ppm,Vavuniya,Maha,Potato,5.09,145.49,21.73,76.04,38.42,3.64
images/sample_1111.ppm,Kandy,Maha,Banana,7.1,131.27,24.84,72.21,33.22,2.72
images/sample_1112.ppm,Batticaloa,Inter-monsoon,Paddy,5.99,128.19,14.86,87.23,36.38,2.01
images/sample_1113.ppm,Batticaloa,Yala,Paddy,5.43,130.52,30.92,68.42,29.39,3.65
images/sample_1114.ppm,Matara,Inter-monsoon,Paddy,6.49,188.72,42.01,105.1,52.41,5.8
images/sample_1115.ppm,Mannar,Maha,Chilli,5.28,152.15,25.09,98.28,47.44,3.43
images/sample_1116.ppm,Colombo,Inter-monsoon,Maize,5.2,124.12,32.16,58.29,15.28,5.26
images/sample_1117.ppm,Kegalle,Yala,Tomato,7.02,108.68,18.43,55.65,24.15,1.8
images/sample_1118.ppm,Puttalam,Yala,Chilli,5.07,142.79,41.35,59.11,25.9,5.75
images/sample_1119.ppm,Jaffna,Inter-monsoon,Tomato,5.05,111.13,23.31,52.44,19.47,3.35
images/sample_1120.ppm,Galle,Yala,Cabbage,6.32,87.76,13.16,61.94,28.0,1.1
images/sample_1121.ppm,Gampaha,Maha,Paddy,7.22,177.81,33.85,91.13,49.48,4.5
images/sample_1122.ppm,Kalutara,Yala,Chilli,7.06,123.39,29.69,74.29,27.04,3.29
images/sample_1123.ppm,Colombo,Yala,Paddy,7.09,173.45,32.25,92.25,47.73,5.26
images/sample_1124.ppm,Colombo,Yala,Cabbage,5.16,164.79,30.64,110.03,52.36,3.39
images/sample_1125.ppm,Galle,Yala,Paddy,7.39,168.76,42.49,93.07,41.58,5.63
images/sample_1126.ppm,Polonnaruwa,Yala,Maize,7.44,82.07,16.23,44.51,15.47,2.11
images/sample_1127.ppm,Puttalam,Yala,Maize,7.7,118.14,13.68,74.02,36.81,1.85
images/sample_1128.ppm,Jaffna,Maha,Potato,5.57,96.98,22.74,39.23,15.43,3.52
images/sample_1129.ppm,Galle,Yala,Tomato,7.49,188.98,29.6,108.78,50.88,4.83
images/sample_1130.ppm,Matara,Yala,Paddy,5.34,154.38,31.06,102.26,48.5,3.81
images/sample_1131.ppm,Anuradhapura,Inter-monsoon,Carrot,5.92,130.64,28.46,87.21,33.6,3.75
images/sample_1132.ppm,Kalutara,Yala,Cabbage,5.21,123.03,23.0,82.02,32.28,2.8
images/sample_1133.ppm,Kurunegala,Maha,Carrot,5.87,189.17,32.97,100.3,49.48,5.16
images/sample_1134.ppm,Polonnaruwa,Inter-monsoon,Maize,6.89,116.38,20.21,72.93,25.99,2.93
images/sample_1135.ppm,Kilinochchi,Yala,Chilli,6.91,154.21,38.69,72.47,32.73,5.76
images/sample_1136.ppm,Kandy,Inter-monsoon,Chilli,7.53,185.0,42.07,98.26,53.55,5.99
images/sample_1137.ppm,Colombo,Inter-monsoon,Cabbage,5.11,177.35,19.98,107.16,53.99,3.0
images/sample_1138.ppm,Polonnaruwa,Inter-monsoon,Tomato,6.39,129.69,17.18,81.42,43.71,1.96
images/sample_1139.ppm,Batticaloa,Yala,Paddy,7.01,110.67,9.02,77.8,35.86,1.33
images/sample_1140.ppm,Kilinochchi,Inter-monsoon,Banana,7.71,169.44,33.88,89.28,40.65,6.01
images/sample_1141.ppm,Vavuniya,Inter-monsoon,Chilli,5.91,170.65,33.3,104.8,46.66,5.75
images/sample_1142.ppm,Galle,Inter-monsoon,Maize,7.4,133.18,33.55,76.41,31.85,4.52
images/sample_1143.ppm,Kurunegala,Inter-monsoon,Cabbage,7.65,151.03,27.74,69.27,31.53,4.78
images/sample_1144.ppm,Hambantota,Inter-monsoon,Tomato,5.2,169.28,25.14,104.99,52.8,3.89
images/sample_1145.ppm,Kilinochchi,Inter-monsoon,Paddy,7.78,143.54,28.98,72.49,32.82,3.88
images/sample_1146.ppm,Batticaloa,Yala,Carrot,7.01,151.13,19.91,82.31,41.08,2.94
images/sample_1147.ppm,Matale,Maha,Paddy,5.57,174.69,33.0,101.61,48.84,5.35
images/sample_1148.ppm,Kilinochchi,Maha,Potato,5.87,167.34,28.4,85.48,44.68,3.92
images/sample_1149.ppm,Matara,Maha,Cabbage,5.57,162.32,22.62,115.4,54.22,1.79
images/sample_1150.ppm,Batticaloa,Maha,Banana,5.97,113.2,27.59,56.64,26.06,2.84
images/sample_1151.ppm,Badulla,Yala,Tomato,6.7,125.23,21.26,79.67,39.79,1.55
images/sample_1152.ppm,Anuradhapura,Yala,Tomato,7.01,123.72,34.94,49.09,14.65,5.01
images/sample_1153.ppm,Ampara,Maha,Cabbage,7.74,198.83,37.74,111.33,56.81,5.63
images/sample_1154.ppm,Colombo,Maha,Tomato,7.68,143.27,21.31,99.51,43.81,1.82
images/sample_1155.ppm,Kalutara,Maha,Banana,7.71,122.95,26.17,52.81,23.08,4.15
images/sample_1156.ppm,Trincomalee,Inter-monsoon,Cabbage,6.18,118.61,19.26,79.74,37.61,1.47
images/sample_1157.ppm,Ratnapura,Maha,Carrot,5.02,175.37,39.08,90.55,44.7,5.87
images/sample_1158.ppm,Kandy,Maha,Banana,6.73,130.97,24.47,74.66,31.78,2.9
images/sample_1159.ppm,Polonnaruwa,Maha,Potato,5.05,96.87,21.69,58.73,17.39,3.43
images/sample_1160.ppm,Moneragala,Maha,Potato,7.43,138.75,30.96,75.32,25.95,4.48
images/sample_1161.ppm,Kandy,Yala,Paddy,6.83,127.94,16.79,102.04,45.74,1.32
images/sample_1162.ppm,Matale,Inter-monsoon,Banana,6.85,200.08,37.33,114.06,55.05,6.24
images/sample_1163.ppm,Mannar,Maha,Chilli,5.51,167.96,35.04,82.07,36.86,5.24
images/sample_1164.ppm,Ratnapura,Maha,Paddy,5.27,166.16,36.81,72.95,33.7,5.87
images/sample_1165.ppm,Nuwara Eliya,Inter-monsoon,Banana,5.06,126.4,27.92,85.64,32.98,2.9
images/sample_1166.ppm,Nuwara Eliya,Yala,Tomato,7.73,189.77,31.45,119.89,57.19,3.5
images/sample_1167.ppm,Galle,Maha,Potato,7.8,136.0,18.12,86.7,39.81,2.54
images/sample_1168.ppm,Batticaloa,Maha,Banana,6.39,182.26,35.04,103.02,46.12,5.21
images/sample_1169.ppm,Vavuniya,Maha,Carrot,6.58,127.79,38.29,69.32,27.75,4.81
images/sample_1170.ppm,Kandy,Yala,Maize,7.03,166.2,34.44,105.52,46.5,5.22
images/sample_1171.ppm,Ampara,Yala,Potato,5.66,191.41,36.98,92.83,48.85,5.8
images/sample_1172.ppm,Gampaha,Inter-monsoon,Cabbage,6.13,131.5,35.36,59.65,25.19,4.91
images/sample_1173.ppm,Jaffna,Yala,Cabbage,4.9,102.89,11.72,80.99,31.98,1.7
images/sample_1174.ppm,Badulla,Inter-monsoon,Tomato,6.1,142.54,13.3,92.82,51.78,1.19
images/sample_1175.ppm,Trincomalee,Maha,Cabbage,5.84,173.91,30.31,101.99,48.75,5.17
images/sample_1176.ppm,Kalutara,Yala,Potato,6.34,165.4,28.46,105.29,48.46,4.52
images/sample_1177.ppm,Matara,Maha,Carrot,7.21,124.39,24.24,72.44,31.32,2.93
images/sample_1178.ppm,Colombo,Maha,Tomato,5.26,152.7,39.99,76.77,35.82,5.46
images/sample_1179.ppm,Ampara,Inter-monsoon,Potato,5.4,131.94,36.97,56.39,18.8,5.32
images/sample_1180.ppm,Mullaitivu,Maha,Chilli,7.03,116.7,11.39,76.84,30.68,1.34
images/sample_1181.ppm,Matale,Inter-monsoon,Tomato,6.97,162.57,22.06,94.18,46.72,2.84
images/sample_1182.ppm,Batticaloa,Yala,Chilli,5.75,131.79,11.05,87.6,39.44,1.11
images/sample_1183.ppm,Matara,Yala,Maize,5.14,128.26,29.18,68.13,28.19,3.61
images/sample_1184.ppm,Mullaitivu,Maha,Paddy,6.75,144.19,19.24,81.16,42.68,1.96
images/sample_1185.ppm,Moneragala,Inter-monsoon,Cabbage,5.69,130.3,35.41,61.17,20.56,5.65
images/sample_1186.ppm,Badulla,Inter-monsoon,Maize,5.07,175.05,43.36,77.92,38.1,6.14
images/sample_1187.ppm,Kurunegala,Inter-monsoon,Maize,6.55,93.22,11.45,65.67,20.44,1.6
images/sample_1188.ppm,Ampara,Maha,Maize,7.13,131.22,37.34,50.95,23.23,6.22
images/sample_1189.ppm,Batticaloa,Yala,Chilli,6.02,132.03,38.43,79.87,29.57,5.27
images/sample_1190.ppm,Anuradhapura,Inter-monsoon,Tomato,7.4,183.06,30.99,113.8,56.17,4.38
images/sample_1191.ppm,Polonnaruwa,Maha,Chilli,5.47,170.8,33.1,70.02,35.97,5.86
images/sample_1192.ppm,Colombo,Inter-monsoon,Cabbage,6.05,98.46,26.31,38.37,13.82,4.15
images/sample_1193.ppm,Gampaha,Yala,Tomato,5.1,117.98,20.22,63.5,23.22,2.83
images/sample_1194.ppm,Nuwara Eliya,Maha,Carrot,7.14,170.14,25.63,102.02,44.02,4.25
images/sample_1195.ppm,Matara,Maha,Banana,5.55,163.12,32.85,100.21,51.44,3.77
images/sample_1196.ppm,Ampara,Inter-monsoon,Potato,6.99,147.04,28.9,77.98,41.46,3.83
images/sample_1197.ppm,Kandy,Maha,Potato,6.36,81.6,14.03,52.94,10.73,1.75
images/sample_1198.ppm,Matale,Maha,Chilli,6.73,118.72,29.13,52.96,16.94,5.03
images/sample_1199.ppm,Kegalle,Yala,Chilli,5.11,180.46,35.42,102.24,52.19,4.27
images/sample_1200.ppm,Ampara,Yala,Cabbage,7.33,90.96,14.75,64.57,27.26,1.61
images/sample_1201.ppm,Trincomalee,Inter-monsoon,Chilli,5.29,179.4,21.61,99.14,55.66,2.97
images/sample_1202.ppm,Gampaha,Maha,Tomato,6.75,128.49,42.52,50.28,22.85,5.96
images/sample_1203.ppm,Mullaitivu,Maha,Paddy,5.64,159.6,30.57,77.15,38.0,5.03
images/sample_1204.ppm,Batticaloa,Maha,Banana,6.77,96.55,24.6,62.36,20.81,2.83
images/sample_1205.ppm,Galle,Yala,Chilli,5.97,147.14,19.82,96.8,42.84,2.03
images/sample_1206.ppm,Gampaha,Inter-monsoon,Potato,5.02,127.48,14.55,90.43,42.13,1.1
images/sample_1207.ppm,Kandy,Maha,Cabbage,7.02,150.24,36.28,68.02,26.18,6.3
images/sample_1208.ppm,Kalutara,Maha,Maize,6.98,166.27,30.18,106.14,48.16,4.81
images/sample_1209.ppm,Batticaloa,Maha,Potato,5.11,127.18,41.82,52.23,12.57,6.2
images/sample_1210.ppm,Batticaloa,Maha,Carrot,5.69,124.61,41.36,46.9,15.79,5.4
images/sample_1211.ppm,Kurunegala,Inter-monsoon,Chilli,7.16,157.21,30.35,84.23,37.29,5.37
images/sample_1212.ppm,Matara,Maha,Tomato,6.26,139.99,44.28,64.47,18.69,5.91
images/sample_1213.ppm,Ratnapura,Inter-monsoon,Carrot,7.5,141.61,39.6,55.46,21.69,6.06
images/sample_1214.ppm,Badulla,Yala,Tomato,6.68,132.75,31.16,52.95,17.26,5.53
images/sample_1215.ppm,Polonnaruwa,Maha,Tomato,7.71,95.86,12.34,53.55,23.55,1.72
images/sample_1216.ppm,Matale,Maha,Maize,4.98,161.52,24.78,95.43,42.61,3.53
images/sample_1217.ppm,Kurunegala,Yala,Chilli,7.01,112.75,10.31,89.44,35.9,1.44
images/sample_1218.ppm,Kilinochchi,Inter-monsoon,Cabbage,6.23,198.14,39.41,111.26,53.59,6.29
images/sample_1219.ppm,Matara,Yala,Chilli,6.46,116.6,18.99,82.91,42.32,1.16
images/sample_1220.ppm,Matale,Yala,Carrot,5.1,129.22,12.46,101.54,43.48,1.64
images/sample_1221.ppm,Colombo,Yala,Cabbage,6.47,181.74,31.2,96.68,50.12,5.31
images/sample_1222.ppm,Matara,Inter-monsoon,Tomato,5.62,146.19,21.03,91.22,38.85,3.37
images/sample_1223.ppm,Colombo,Inter-monsoon,Carrot,5.09,195.86,41.47,96.48,46.06,6.18
images/sample_1224.ppm,Gampaha,Yala,Chilli,5.9,139.72,14.55,106.25,53.33,1.11
images/sample_1225.ppm,Ampara,Inter-monsoon,Banana,5.49,114.2,14.41,77.85,30.55,2.3
images/sample_1226.ppm,Galle,Maha,Tomato,5.16,115.83,42.51,41.96,17.82,5.76
images/sample_1227.ppm,Mannar,Inter-monsoon,Carrot,5.16,104.71,27.06,47.6,12.19,4.47
images/sample_1228.ppm,Matara,Inter-monsoon,Maize,6.76,168.05,29.24,100.49,53.56,3.58
images/sample_1229.ppm,Moneragala,Inter-monsoon,Potato,7.48,158.65,29.06,92.72,48.99,3.64
images/sample_1230.ppm,Kalutara,Inter-monsoon,Cabbage,6.02,127.64,18.68,99.95,46.98,1.22
images/sample_1231.ppm,Moneragala,Yala,Tomato,6.51,136.38,19.7,102.71,50.32,1.19
images/sample_1232.ppm,Kalutara,Yala,Paddy,6.47,93.62,26.85,49.1,15.81,3.66
images/sample_1233.ppm,Gampaha,Yala,Maize,5.33,67.75,10.4,34.9,13.23,1.44
images/sample_1234.ppm,Jaffna,Maha,Tomato,7.6,172.16,32.21,111.92,55.61,3.62
images/sample_1235.ppm,Nuwara Eliya,Yala,Cabbage,6.24,168.09,22.72,103.5,55.49,3.18
images/sample_1236.ppm,Colombo,Yala,Cabbage,5.73,176.29,25.32,108.71,51.57,4.21
images/sample_1237.ppm,Jaffna,Yala,Cabbage,6.73,144.82,18.09,104.45,54.15,1.46
images/sample_1238.ppm,Colombo,Maha,Banana,7.53,154.78,28.32,92.66,39.65,4.53
images/sample_1239.ppm,Kilinochchi,Yala,Potato,6.85,119.89,37.6,58.67,21.37,4.75
images/sample_1240.ppm,Puttalam,Maha,Paddy,6.98,169.82,23.91,97.93,52.99,3.02
images/sample_1241.ppm,Mannar,Inter-monsoon,Chilli,6.48,100.51,20.12,68.97,28.3,2.33
images/sample_1242.ppm,Puttalam,Yala,Potato,7.5,117.36,32.97,54.72,23.21,4.59
images/sample_1243.ppm,Nuwara Eliya,Inter-monsoon,Maize,5.72,132.61,30.87,73.71,36.88,3.34
images/sample_1244.ppm,Trincomalee,Yala,Tomato,7.45,191.22,32.17,110.24,54.05,5.61
images/sample_1245.ppm,Puttalam,Inter-monsoon,Chilli,5.32,94.53,13.95,67.59,26.01,1.04
images/sample_1246.ppm,Jaffna,Inter-monsoon,Paddy,5.68,162.66,32.19,89.78,42.74,3.71
images/sample_1247.ppm,Gampaha,Maha,Potato,7.73,112.89,29.57,48.78,20.28,4.3
images/sample_1248.ppm,Mannar,Maha,Paddy,6.12,85.71,28.26,44.53,10.32,3.73
images/sample_1249.ppm,Ampara,Inter-monsoon,Maize,7.49,80.92,20.81,36.03,12.38,2.25
images/sample_1250.ppm,Kalutara,Inter-monsoon,Chilli,5.12,111.49,30.48,56.75,16.86,5.0
images/sample_1251.ppm,Badulla,Yala,Banana,6.11,164.45,20.67,100.58,53.08,1.7
images/sample_1252.ppm,Anuradhapura,Yala,Banana,6.17,127.96,40.2,65.32,20.52,5.48
images/sample_1253.ppm,Galle,Inter-monsoon,Maize,4.95,131.16,39.96,76.93,26.96,5.61
images/sample_1254.ppm,Kalutara,Yala,Maize,5.04,118.54,29.48,71.14,28.12,4.1
images/sample_1255.ppm,Puttalam,Maha,Maize,5.93,116.95,16.34,82.89,35.4,1.23
images/sample_1256.ppm,Matale,Maha,Banana,7.73,90.39,23.53,62.34,24.16,1.85
images/sample_1257.ppm,Hambantota,Maha,Tomato,7.68,124.91,16.52,80.81,33.79,1.81
images/sample_1258.ppm,Kurunegala,Inter-monsoon,Paddy,5.05,173.88,43.54,89.91,37.82,5.79
images/sample_1259.ppm,Trincomalee,Yala,Maize,5.26,98.14,25.85,63.58,20.54,3.57
images/sample_1260.ppm,Anuradhapura,Maha,Chilli,6.05,89.73,21.64,58.2,19.87,2.54
images/sample_1261.ppm,Matale,Inter-monsoon,Potato,5.66,173.73,24.69,106.6,50.14,3.16
images/sample_1262.ppm,Mannar,Yala,Carrot,7.75,129.89,24.87,75.37,34.41,3.86
images/sample_1263.ppm,Vavuniya,Inter-monsoon,Cabbage,6.38,164.36,17.01,109.2,57.22,1.4
images/sample_1264.ppm,Nuwara Eliya,Yala,Carrot,5.78,164.04,27.49,107.55,48.13,2.71
images/sample_1265.ppm,Mannar,Yala,Paddy,6.17,182.89,39.65,99.33,45.19,5.83
images/sample_1266.ppm,Kurunegala,Yala,Carrot,5.3,81.39,22.55,54.21,11.54,2.26
images/sample_1267.ppm,Matara,Maha,Cabbage,5.22,140.87,21.91,83.19,38.98,2.1
images/sample_1268.ppm,Kurunegala,Inter-monsoon,Paddy,5.91,160.03,21.51,96.28,48.85,3.71
images/sample_1269.ppm,Gampaha,Maha,Potato,5.11,165.92,34.25,82.02,39.22,4.71
images/sample_1270.ppm,Batticaloa,Yala,Cabbage,6.9,148.05,15.81,96.82,52.06,2.56
images/sample_1271.ppm,Ampara,Inter-monsoon,Paddy,5.02,154.89,16.68,104.35,53.59,2.06
images/sample_1272.ppm,Kilinochchi,Inter-monsoon,Paddy,6.94,112.16,41.69,52.23,15.43,5.58
images/sample_1273.ppm,Polonnaruwa,Inter-monsoon,Banana,6.13,167.78,21.21,116.26,57.86,2.43
images/sample_1274.ppm,Anuradhapura,Inter-monsoon,Tomato,6.55,185.56,28.14,101.86,53.69,4.54
images/sample_1275.ppm,Matara,Maha,Tomato,4.98,99.23,17.79,76.46,28.05,1.87
images/sample_1276.ppm,Colombo,Yala,Banana,5.72,135.42,29.28,84.15,34.03,4.37
images/sample_1277.ppm,Gampaha,Maha,Potato,6.07,184.99,20.12,109.71,57.56,3.27
images/sample_1278.ppm,Vavuniya,Yala,Carrot,7.24,85.43,19.58,43.09,14.58,1.72
images/sample_1279.ppm,Colombo,Yala,Cabbage,6.54,62.58,21.48,42.12,10.22,1.52
images/sample_1280.ppm,Batticaloa,Yala,Maize,7.02,100.27,26.64,38.0,10.2,4.49
images/sample_1281.ppm,Matara,Maha,Chilli,7.23,173.32,28.1,114.65,56.73,3.5
images/sample_1282.ppm,Trincomalee,Maha,Tomato,6.07,104.21,43.48,39.56,11.38,5.87
images/sample_1283.ppm,Kilinochchi,Yala,Tomato,5.14,170.01,31.11,96.33,44.44,3.86
images/sample_1284.ppm,Mannar,Inter-monsoon,Potato,6.69,162.1,41.59,78.36,37.97,5.92
images/sample_1285.ppm,Badulla,Inter-monsoon,Cabbage,4.99,108.83,27.6,58.46,18.98,4.0
images/sample_1286.ppm,Polonnaruwa,Maha,Banana,6.14,134.75,24.42,65.12,27.51,3.92
images/sample_1287.ppm,Kalutara,Inter-monsoon,Potato,6.68,87.64,16.51,53.09,23.29,1.07
images/sample_1288.ppm,Mannar,Maha,Maize,6.65,100.64,12.07,79.76,33.17,1.13
images/sample_1289.ppm,Gampaha,Maha,Banana,7.24,139.81,41.7,51.63,19.95,6.24
images/sample_1290.ppm,Galle,Inter-monsoon,Carrot,6.03,110.55,24.02,65.41,25.1,3.11
images/sample_1291.ppm,Kilinochchi,Inter-monsoon,Tomato,5.81,183.88,40.51,108.57,48.16,5.39
images/sample_1292.ppm,Nuwara Eliya,Inter-monsoon,Tomato,5.48,155.87,23.57,95.59,48.15,1.94
images/sample_1293.ppm,Badulla,Yala,Maize,5.34,139.13,40.18,56.06,23.32,6.38
images/sample_1294.ppm,Matara,Maha,Carrot,5.48,90.99,20.95,55.69,19.72,2.15
images/sample_1295.ppm,Kurunegala,Maha,Chilli,6.74,168.6,28.78,109.84,54.73,2.85
images/sample_1296.ppm,Mullaitivu,Maha,Maize,7.2,146.68,32.82,95.28,41.13,4.16
images/sample_1297.ppm,Batticaloa,Maha,Tomato,5.88,120.54,26.31,70.25,32.28,2.83
images/sample_1298.ppm,Galle,Inter-monsoon,Maize,6.85,137.28,25.29,79.86,30.88,4.3
images/sample_1299.ppm,Mannar,Yala,Potato,5.19,129.06,20.49,75.43,39.93,1.56
images/sample_1300.ppm,Jaffna,Maha,Maize,7.17,150.75,34.46,80.17,32.17,6.11
images/sample_1301.ppm,Gampaha,Inter-monsoon,Tomato,6.03,123.74,36.18,49.55,12.37,6.13
images/sample_1302.ppm,Nuwara Eliya,Maha,Tomato,7.35,144.19,36.68,73.68,26.98,5.64
images/sample_1303.ppm,Kandy,Maha,Paddy,5.15,171.76,25.41,115.83,53.95,3.91
images/sample_1304.ppm,Polonnaruwa,Inter-monsoon,Maize,5.22,137.42,20.71,88.04,45.87,1.99
images/sample_1305.ppm,Ampara,Maha,Tomato,7.47,176.61,36.95,104.58,48.25,5.95
images/sample_1306.ppm,Batticaloa,Maha,Tomato,7.76,150.96,19.78,90.42,43.33,2.94
images/sample_1307.ppm,Puttalam,Yala,Tomato,6.75,185.0,27.68,96.68,54.35,4.29
images/sample_1308.ppm,Puttalam,Yala,Carrot,5.93,155.61,43.02,69.19,32.48,6.07
images/sample_1309.ppm,Batticaloa,Maha,Cabbage,6.7,166.56,32.5,83.45,37.04,5.04
images/sample_1310.ppm,Kurunegala,Inter-monsoon,Cabbage,5.12,167.55,34.19,70.47,32.96,5.84
images/sample_1311.ppm,Kandy,Maha,Cabbage,6.71,83.52,19.72,47.71,14.08,1.47
images/sample_1312.ppm,Mannar,Maha,Tomato,7.43,203.53,35.99,107.48,50.86,6.21
images/sample_1313.ppm,Moneragala,Yala,Potato,7.15,126.85,17.45,95.27,40.45,2.06
images/sample_1314.ppm,Hambantota,Maha,Cabbage,6.43,147.33,33.86,68.74,33.04,4.2
images/sample_1315.ppm,Nuwara Eliya,Inter-monsoon,Tomato,5.49,156.29,19.87,109.76,48.56,3.33
images/sample_1316.ppm,Polonnaruwa,Inter-monsoon,Cabbage,6.95,180.16,30.19,108.24,57.12,3.17
images/sample_1317.ppm,Ratnapura,Yala,Cabbage,6.77,119.26,23.47,71.03,32.96,1.95
images/sample_1318.ppm,Kurunegala,Maha,Potato,7.16,86.82,21.59,48.0,18.84,2.47
images/sample_1319.ppm,Matara,Inter-monsoon,Cabbage,6.65,84.57,19.78,36.68,13.59,2.68
images/sample_1320.ppm,Anuradhapura,Yala,Chilli,7.68,144.34,34.57,90.31,37.72,4.66
images/sample_1321.ppm,Hambantota,Yala,Chilli,7.5,169.5,29.91,107.75,54.87,3.46
images/sample_1322.ppm,Vavuniya,Maha,Potato,6.93,133.37,12.45,93.08,44.13,1.67
images/sample_1323.ppm,Batticaloa,Inter-monsoon,Tomato,6.54,155.07,26.93,84.19,44.43,3.41
images/sample_1324.ppm,Matara,Inter-monsoon,Banana,4.94,87.42,27.41,36.2,12.44,3.65
images/sample_1325.ppm,Batticaloa,Inter-monsoon,Chilli,5.89,144.43,33.72,83.24,40.59,4.4
images/sample_1326.ppm,Matara,Maha,Paddy,5.23,130.83,14.86,90.94,38.84,1.52
images/sample_1327.ppm,Kurunegala,Yala,Chilli,7.77,149.18,18.39,96.91,43.97,2.64
images/sample_1328.ppm,Jaffna,Maha,Maize,7.46,98.46,22.21,64.68,27.68,2.21
images/sample_1329.ppm,Puttalam,Inter-monsoon,Potato,6.44,101.66,38.5,39.37,13.9,5.2
images/sample_1330.ppm,Batticaloa,Inter-monsoon,Maize,7.0,136.63,23.61,84.55,38.3,2.97
images/sample_1331.ppm,Kilinochchi,Maha,Maize,6.54,186.33,22.91,120.18,56.04,3.83
images/sample_1332.ppm,Trincomalee,Yala,Potato,6.01,176.44,38.12,97.75,40.71,5.27
images/sample_1333.ppm,Moneragala,Yala,Carrot,4.93,139.34,30.81,49.82,21.36,5.38
images/sample_1334.ppm,Kurunegala,Maha,Tomato,7.25,100.94,25.57,47.44,21.59,3.2
images/sample_1335.ppm,Matara,Maha,Maize,7.07,157.08,32.04,69.2,35.62,4.76
images/sample_1336.ppm,Galle,Inter-monsoon,Paddy,7.68,126.09,20.74,70.87,37.0,3.05
images/sample_1337.ppm,Kegalle,Inter-monsoon,Banana,6.15,125.78,28.0,64.08,23.45,4.56
images/sample_1338.ppm,Trincomalee,Yala,Tomato,5.35,170.4,37.38,85.4,42.71,5.52
images/sample_1339.ppm,Kegalle,Inter-monsoon,Tomato,5.59,189.49,44.9,101.02,51.18,6.17
images/sample_1340.ppm,Ratnapura,Inter-monsoon,Maize,7.5,159.38,43.82,66.19,30.89,6.18
images/sample_1341.ppm,Nuwara Eliya,Maha,Potato,7.45,129.98,13.19,94.19,44.1,1.98
images/sample_1342.ppm,Ratnapura,Maha,Banana,7.49,133.58,36.97,68.78,22.75,5.95
images/sample_1343.ppm,Gampaha,Yala,Tomato,7.09,176.72,42.33,83.84,45.06,5.58
images/sample_1344.ppm,Nuwara Eliya,Inter-monsoon,Maize,7.07,190.98,29.6,109.08,53.27,5.19
images/sample_1345.ppm,Batticaloa,Inter-monsoon,Paddy,5.54,71.54,19.86,42.93,14.46,2.05
images/sample_1346.ppm,Puttalam,Maha,Maize,5.35,144.77,32.38,66.77,30.85,5.37
images/sample_1347.ppm,Gampaha,Yala,Banana,5.52,172.84,32.04,104.47,56.52,3.55
images/sample_1348.ppm,Jaffna,Yala,Maize,7.19,129.19,40.73,70.32,22.76,5.73
images/sample_1349.ppm,Ratnapura,Inter-monsoon,Maize,7.68,148.63,24.2,81.86,43.21,2.81
images/sample_1350.ppm,Puttalam,Inter-monsoon,Maize,6.35,144.61,29.51,87.77,46.97,3.11
images/sample_1351.ppm,Jaffna,Maha,Chilli,6.9,165.51,42.14,83.71,37.77,5.5
images/sample_1352.ppm,Kalutara,Maha,Banana,7.08,83.28,13.63,46.66,11.14,1.91
images/sample_1353.ppm,Puttalam,Inter-monsoon,Chilli,6.01,156.24,23.45,115.6,56.15,1.87
images/sample_1354.ppm,Kurunegala,Maha,Tomato,6.75,135.52,17.7,89.85,46.08,1.15
images/sample_1355.ppm,Kegalle,Inter-monsoon,Chilli,7.3,161.57,32.99,91.62,39.5,4.42
images/sample_1356.ppm,Puttalam,Yala,Tomato,6.47,112.56,12.7,80.56,36.42,1.73
images/sample_1357.ppm,Kurunegala,Yala,Banana,7.22,113.87,24.59,59.44,23.16,4.21
images/sample_1358.ppm,Galle,Yala,Tomato,7.69,96.73,22.2,47.62,12.3,2.73
images/sample_1359.ppm,Nuwara Eliya,Yala,Banana,6.43,119.99,29.05,70.32,23.55,3.59
images/sample_1360.ppm,Moneragala,Yala,Chilli,6.9,140.5,15.29,89.03,36.46,2.47
images/sample_1361.ppm,Gampaha,Maha,Potato,7.24,123.83,17.73,78.52,34.4,1.5
images/sample_1362.ppm,Mullaitivu,Yala,Cabbage,5.63,170.58,34.38,97.07,49.36,5.23
images/sample_1363.ppm,Vavuniya,Maha,Carrot,5.86,162.6,32.19,90.07,50.04,4.06
images/sample_1364.ppm,Polonnaruwa,Yala,Potato,6.92,148.87,15.39,89.9,43.16,2.27
images/sample_1365.ppm,Kilinochchi,Maha,Chilli,6.25,170.42,26.85,102.66,49.15,3.11
images/sample_1366.ppm,Kegalle,Maha,Cabbage,7.78,119.65,29.58,46.08,20.05,4.91
images/sample_1367.ppm,Galle,Inter-monsoon,Cabbage,7.4,168.05,29.61,96.24,48.05,4.95
images/sample_1368.ppm,Matara,Inter-monsoon,Cabbage,7.58,160.67,27.5,87.02,45.73,3.07
images/sample_1369.ppm,Galle,Yala,Potato,7.09,146.77,30.29,77.79,34.83,4.8
images/sample_1370.ppm,Polonnaruwa,Yala,Maize,6.89,153.83,27.47,88.88,38.26,3.48
images/sample_1371.ppm,Batticaloa,Yala,Potato,7.1,108.55,8.45,68.97,31.52,1.24
images/sample_1372.ppm,Kalutara,Inter-monsoon,Banana,7.43,116.51,20.21,64.23,25.18,2.17
images/sample_1373.ppm,Gampaha,Maha,Cabbage,7.19,159.23,29.14,92.75,44.39,3.3
images/sample_1374.ppm,Colombo,Yala,Tomato,6.86,161.3,34.15,86.91,36.53,4.69
images/sample_1375.ppm,Puttalam,Inter-monsoon,Banana,6.73,113.41,27.87,55.36,21.53,3.86
images/sample_1376.ppm,Nuwara Eliya,Inter-monsoon,Maize,5.8,96.42,17.97,67.84,26.54,1.96
images/sample_1377.ppm,Kegalle,Inter-monsoon,Potato,6.05,147.31,35.14,88.19,36.95,4.32
images/sample_1378.ppm,Badulla,Maha,Maize,5.24,135.06,34.18,65.46,26.72,5.13
images/sample_1379.ppm,Vavuniya,Inter-monsoon,Banana,7.15,160.34,9.95,111.08,53.61,1.18
images/sample_1380.ppm,Ampara,Maha,Tomato,6.07,165.17,19.81,93.98,52.17,3.36
images/sample_1381.ppm,Ratnapura,Yala,Chilli,7.69,124.71,33.12,59.48,24.51,4.73
images/sample_1382.ppm,Anuradhapura,Maha,Potato,5.32,110.07,14.21,74.84,29.6,1.07
images/sample_1383.ppm,Trincomalee,Maha,Chilli,7.34,157.4,42.48,67.42,27.73,5.8
images/sample_1384.ppm,Puttalam,Inter-monsoon,Cabbage,7.2,199.18,31.64,107.17,54.2,5.36
images/sample_1385.ppm,Gampaha,Inter-monsoon,Chilli,6.47,116.14,8.5,85.68,35.48,1.13
images/sample_1386.ppm,Ampara,Inter-monsoon,Maize,5.81,153.64,16.65,94.46,51.23,2.2
images/sample_1387.ppm,Puttalam,Maha,Tomato,5.28,119.54,41.38,43.36,17.06,5.73
images/sample_1388.ppm,Colombo,Maha,Cabbage,7.64,114.06,29.2,41.69,16.07,4.97
images/sample_1389.ppm,Kandy,Yala,Potato,4.92,120.09,29.4,56.83,22.53,5.22
images/sample_1390.ppm,Gampaha,Inter-monsoon,Banana,4.95,180.57,36.18,86.29,39.08,6.39
images/sample_1391.ppm,Badulla,Inter-monsoon,Carrot,5.61,148.36,21.07,89.74,44.36,2.37
images/sample_1392.ppm,Mannar,Yala,Tomato,5.32,117.2,17.12,78.11,30.5,1.85
images/sample_1393.ppm,Anuradhapura,Inter-monsoon,Banana,5.94,186.59,23.34,106.08,56.04,3.4
images/sample_1394.ppm,Kegalle,Maha,Paddy,6.21,141.29,18.22,82.86,43.35,2.59
images/sample_1395.ppm,Trincomalee,Yala,Chilli,7.29,183.54,45.44,93.81,43.79,6.15
images/sample_1396.ppm,Kandy,Inter-monsoon,Banana,7.01,93.14,34.55,57.67,15.74,3.98
images/sample_1397.ppm,Mannar,Maha,Chilli,5.8,154.72,29.53,94.53,40.39,5.22
images/sample_1398.ppm,Colombo,Yala,Potato,7.6,91.33,17.17,49.72,15.27,2.8
images/sample_1399.ppm,Vavuniya,Inter-monsoon,Chilli,7.29,169.36,30.55,106.14,49.08,3.88
images/sample_1400.ppm,Polonnaruwa,Maha,Potato,5.41,121.33,32.54,57.76,21.27,5.58
images/sample_1401.ppm,Kalutara,Inter-monsoon,Tomato,5.94,95.12,16.13,46.79,17.18,1.88
images/sample_1402.ppm,Batticaloa,Inter-monsoon,Potato,5.9,124.54,26.1,72.14,30.34,3.76
images/sample_1403.ppm,Trincomalee,Inter-monsoon,Paddy,5.07,162.08,22.7,98.31,43.77,3.44
images/sample_1404.ppm,Mullaitivu,Yala,Potato,6.62,122.69,20.16,62.8,30.24,2.34
images/sample_1405.ppm,Badulla,Inter-monsoon,Tomato,7.7,90.76,19.87,56.78,14.41,3.38
images/sample_1406.ppm,Mullaitivu,Maha,Carrot,5.07,149.48,13.1,109.45,51.18,1.01
images/sample_1407.ppm,Mannar,Yala,Maize,5.44,182.4,32.06,114.5,54.37,4.46
images/sample_1408.ppm,Polonnaruwa,Maha,Chilli,6.89,100.62,19.96,73.23,31.94,1.49
images/sample_1409.ppm,Gampaha,Inter-monsoon,Carrot,6.08,162.78,44.14,76.4,36.49,5.88
images/sample_1410.ppm,Anuradhapura,Inter-monsoon,Tomato,7.11,112.55,27.48,65.91,23.57,2.89
images/sample_1411.ppm,Galle,Inter-monsoon,Carrot,7.75,141.15,24.49,78.12,31.88,3.42
images/sample_1412.ppm,Hambantota,Yala,Banana,6.94,155.62,34.25,89.08,40.73,4.48
images/sample_1413.ppm,Kilinochchi,Yala,Carrot,6.91,142.61,42.4,81.71,30.93,5.89
images/sample_1414.ppm,Matara,Inter-monsoon,Banana,5.55,172.94,22.69,95.45,46.18,3.82
images/sample_1415.ppm,Anuradhapura,Yala,Chilli,5.38,88.24,27.88,50.53,14.04,3.2
images/sample_1416.ppm,Kegalle,Maha,Tomato,5.06,87.98,19.68,32.5,10.84,2.86
images/sample_1417.ppm,Kilinochchi,Inter-monsoon,Paddy,6.3,129.78,30.42,43.4,18.07,5.2
images/sample_1418.ppm,Gampaha,Yala,Chilli,4.91,126.04,29.73,72.17,23.58,3.58
images/sample_1419.ppm,Ampara,Inter-monsoon,Tomato,6.47,108.54,27.92,37.68,13.5,4.95
images/sample_1420.ppm,Vavuniya,Inter-monsoon,Potato,7.17,74.03,15.57,41.89,14.32,1.83
images/sample_1421.ppm,Colombo,Yala,Banana,5.28,183.04,37.84,98.0,53.23,5.52
images/sample_1422.ppm,Mannar,Maha,Cabbage,6.13,135.92,31.92,49.56,22.61,5.7
images/sample_1423.ppm,Moneragala,Yala,Maize,7.59,128.87,26.69,74.74,30.32,2.75
images/sample_1424.ppm,Kalutara,Maha,Banana,5.47,126.91,29.37,57.32,23.06,4.13
images/sample_1425.ppm,Ratnapura,Inter-monsoon,Tomato,6.73,116.23,32.09,53.13,23.95,3.92
images/sample_1426.ppm,Puttalam,Inter-monsoon,Paddy,5.41,182.5,33.97,117.01,55.99,4.32
images/sample_1427.ppm,Jaffna,Yala,Carrot,7.08,132.58,24.35,71.16,36.77,3.47
images/sample_1428.ppm,Puttalam,Yala,Paddy,6.53,105.91,37.93,39.12,16.03,5.03
images/sample_1429.ppm,Colombo,Maha,Tomato,4.93,137.94,21.39,105.62,46.41,2.54
images/sample_1430.ppm,Mullaitivu,Inter-monsoon,Banana,6.28,136.26,22.33,73.51,37.25,3.84
images/sample_1431.ppm,Colombo,Maha,Banana,6.43,144.56,22.53,87.91,42.98,3.53
images/sample_1432.ppm,Kalutara,Inter-monsoon,Cabbage,5.14,139.18,19.2,81.83,38.15,2.54
images/sample_1433.ppm,Nuwara Eliya,Inter-monsoon,Carrot,6.02,122.35,38.28,65.67,21.49,4.95
images/sample_1434.ppm,Kalutara,Maha,Carrot,5.54,181.39,34.94,98.87,50.66,4.55
images/sample_1435.ppm,Kurunegala,Maha,Paddy,6.47,116.5,10.65,67.78,34.04,1.21
images/sample_1436.ppm,Vavuniya,Yala,Paddy,4.94,102.74,28.37,44.71,13.54,4.37
images/sample_1437.ppm,Matale,Inter-monsoon,Potato,6.24,152.24,28.44,86.98,34.42,4.31
images/sample_1438.ppm,Colombo,Inter-monsoon,Carrot,5.48,175.78,23.81,109.78,54.55,3.97
images/sample_1439.ppm,Kandy,Maha,Banana,6.94,110.03,23.09,53.27,20.48,2.52
images/sample_1440.ppm,Kalutara,Maha,Potato,5.15,150.59,39.79,62.71,24.45,6.09
images/sample_1441.ppm,Mannar,Maha,Potato,5.63,134.79,23.04,77.99,38.84,2.41
images/sample_1442.ppm,Batticaloa,Yala,Banana,6.4,85.57,13.24,61.98,19.87,1.8
images/sample_1443.ppm,Kegalle,Inter-monsoon,Potato,5.61,120.26,31.89,45.07,19.84,4.26
images/sample_1444.ppm,Moneragala,Yala,Maize,7.24,166.26,30.0,83.85,41.49,5.07
images/sample_1445.ppm,Galle,Inter-monsoon,Banana,6.42,123.95,17.6,78.85,35.6,2.56
images/sample_1446.ppm,Matara,Yala,Maize,6.89,143.12,15.99,107.48,48.51,2.2
images/sample_1447.ppm,Matale,Inter-monsoon,Potato,7.72,153.08,18.14,89.9,44.91,3.06
images/sample_1448.ppm,Colombo,Inter-monsoon,Carrot,6.58,140.25,35.58,63.99,28.58,4.89
images/sample_1449.ppm,Vavuniya,Yala,Carrot,5.67,90.84,12.72,54.35,17.4,1.7
images/sample_1450.ppm,Anuradhapura,Inter-monsoon,Cabbage,4.9,150.37,28.63,98.48,48.83,2.89
images/sample_1451.ppm,Kegalle,Yala,Chilli,6.69,129.81,35.4,73.41,26.28,4.72
images/sample_1452.ppm,Mullaitivu,Inter-monsoon,Paddy,7.11,158.28,32.56,86.78,41.56,3.87
images/sample_1453.ppm,Polonnaruwa,Maha,Cabbage,6.95,184.79,25.42,110.55,53.07,4.11
images/sample_1454.ppm,Batticaloa,Maha,Tomato,5.4,84.23,19.69,49.62,11.94,1.71
images/sample_1455.ppm,Matara,Maha,Tomato,6.2,112.99,39.77,50.52,13.57,5.27
images/sample_1456.ppm,Gampaha,Yala,Chilli,5.62,79.96,30.88,51.39,11.08,3.4
images/sample_1457.ppm,Kegalle,Maha,Cabbage,7.41,189.85,31.35,111.56,52.4,5.46
images/sample_1458.ppm,Batticaloa,Inter-monsoon,Banana,6.4,156.64,23.44,92.58,39.65,3.61
images/sample_1459.ppm,Moneragala,Maha,Chilli,6.78,104.35,17.4,66.58,30.98,1.48
images/sample_1460.ppm,Moneragala,Inter-monsoon,Carrot,7.76,121.3,34.69,50.87,14.19,4.9
images/sample_1461.ppm,Hambantota,Yala,Paddy,7.31,119.81,9.82,101.99,44.87,1.0
images/sample_1462.ppm,Puttalam,Yala,Paddy,7.26,105.9,19.98,89.71,36.24,1.38
images/sample_1463.ppm,Hambantota,Maha,Maize,7.61,122.13,13.97,82.18,39.26,1.28
images/sample_1464.ppm,Gampaha,Inter-monsoon,Paddy,5.63,170.12,38.07,83.5,37.87,5.27
images/sample_1465.ppm,Trincomalee,Maha,Maize,7.04,153.73,27.38,68.02,33.0,4.82
images/sample_1466.ppm,Trincomalee,Yala,Paddy,5.24,171.12,29.42,103.91,48.64,5.18
images/sample_1467.ppm,Kilinochchi,Inter-monsoon,Cabbage,7.38,186.24,36.76,97.55,50.23,4.4
images/sample_1468.ppm,Anuradhapura,Maha,Cabbage,6.23,147.87,20.19,82.14,42.19,2.39
images/sample_1469.ppm,Kurunegala,Yala,Cabbage,5.37,143.91,22.05,109.12,50.7,2.3
images/sample_1470.ppm,Kalutara,Maha,Chilli,5.9,105.83,35.96,41.81,11.12,5.29
images/sample_1471.ppm,Kurunegala,Yala,Cabbage,7.32,153.54,15.54,112.42,55.74,2.13
images/sample_1472.ppm,Mullaitivu,Yala,Cabbage,6.8,156.12,18.6,102.93,50.65,1.92
images/sample_1473.ppm,Batticaloa,Yala,Carrot,6.59,137.8,36.53,67.4,34.44,4.56
images/sample_1474.ppm,Kurunegala,Inter-monsoon,Chilli,5.81,184.4,33.24,112.7,54.11,3.75
images/sample_1475.ppm,Kurunegala,Maha,Chilli,6.73,137.51,40.56,64.29,23.76,5.63
images/sample_1476.ppm,Hambantota,Yala,Chilli,4.91,84.22,21.5,61.61,16.45,2.2
images/sample_1477.ppm,Kilinochchi,Yala,Carrot,7.47,143.69,26.93,97.63,48.81,2.72
images/sample_1478.ppm,Polonnaruwa,Maha,Tomato,5.66,157.69,8.91,108.04,56.17,1.3
images/sample_1479.ppm,Mullaitivu,Inter-monsoon,Chilli,6.59,191.12,39.83,115.84,55.59,5.81
images/sample_1480.ppm,Jaffna,Yala,Carrot,6.58,169.56,25.79,103.37,48.98,3.59
images/sample_1481.ppm,Mullaitivu,Maha,Chilli,4.96,129.36,10.22,91.7,46.02,1.27
images/sample_1482.ppm,Kilinochchi,Inter-monsoon,Cabbage,7.06,143.18,35.38,75.65,30.07,4.6
images/sample_1483.ppm,Moneragala,Maha,Paddy,5.87,178.24,42.12,107.68,49.32,6.06
images/sample_1484.ppm,Jaffna,Maha,Carrot,5.66,116.6,37.34,55.13,15.94,5.4
images/sample_1485.ppm,Galle,Inter-monsoon,Maize,6.94,160.99,18.68,109.4,54.14,3.15
images/sample_1486.ppm,Anuradhapura,Yala,Banana,7.75,147.62,28.07,69.68,34.41,4.53
images/sample_1487.ppm,Kilinochchi,Yala,Chilli,5.93,102.06,35.79,30.71,10.3,5.75
images/sample_1488.ppm,Kurunegala,Inter-monsoon,Carrot,7.78,126.08,29.2,79.76,30.5,4.08
images/sample_1489.ppm,Vavuniya,Yala,Banana,6.12,94.57,24.26,33.09,11.62,2.94
images/sample_1490.ppm,Vavuniya,Inter-monsoon,Carrot,5.67,71.45,14.81,48.86,17.21,1.41
images/sample_1491.ppm,Matara,Maha,Paddy,7.05,95.13,19.2,55.89,15.62,3.05
images/sample_1492.ppm,Galle,Inter-monsoon,Tomato,5.59,104.86,21.96,65.58,23.92,2.4
images/sample_1493.ppm,Badulla,Yala,Maize,7.43,101.99,16.67,53.05,16.59,2.68
images/sample_1494.ppm,Jaffna,Maha,Cabbage,5.57,149.48,38.7,67.8,26.45,5.67
images/sample_1495.ppm,Anuradhapura,Yala,Maize,6.33,102.13,32.95,48.29,11.41,5.2
images/sample_1496.ppm,Gampaha,Yala,Maize,6.46,159.08,22.23,108.5,49.06,3.85
images/sample_1497.ppm,Hambantota,Yala,Tomato,6.28,110.56,19.58,57.22,25.5,1.88
images/sample_1498.ppm,Kegalle,Inter-monsoon,Paddy,5.41,143.33,30.21,83.65,31.91,4.38
images/sample_1499.ppm,Kegalle,Maha,Paddy,6.01,167.2,29.44,95.13,48.58,4.77
images/sample_1500.ppm,Kurunegala,Maha,Carrot,6.61,102.49,25.93,49.36,15.16,3.71
images/sample_1501.ppm,Mannar,Yala,Potato,6.78,138.63,31.09,84.0,35.4,3.83
images/sample_1502.ppm,Ampara,Inter-monsoon,Carrot,6.69,132.24,31.26,70.61,33.82,3.74
images/sample_1503.ppm,Nuwara Eliya,Yala,Banana,5.01,102.7,30.96,46.78,17.64,4.27
images/sample_1504.ppm,Kurunegala,Maha,Cabbage,4.9,95.73,21.08,60.26,18.16,1.8
images/sample_1505.ppm,Ampara,Inter-monsoon,Paddy,4.93,89.16,28.32,48.54,15.32,3.49
images/sample_1506.ppm,Ratnapura,Yala,Paddy,7.23,125.9,27.72,77.56,34.49,3.6
images/sample_1507.ppm,Kandy,Yala,Potato,7.69,86.39,20.04,56.29,14.5,2.86
images/sample_1508.ppm,Kalutara,Inter-monsoon,Potato,5.47,103.69,28.0,58.79,15.46,3.72
images/sample_1509.ppm,Batticaloa,Inter-monsoon,Tomato,4.99,147.32,19.06,94.36,50.97,1.5
images/sample_1510.ppm,Mullaitivu,Yala,Maize,5.05,123.98,15.73,92.22,44.27,1.19
images/sample_1511.ppm,Trincomalee,Yala,Carrot,5.93,194.39,28.48,99.6,56.0,4.37
images/sample_1512.ppm,Moneragala,Maha,Paddy,5.21,90.09,19.08,45.55,20.01,1.45
images/sample_1513.ppm,Trincomalee,Inter-monsoon,Carrot,5.69,109.94,9.37,75.03,39.03,1.03
images/sample_1514.ppm,Ratnapura,Inter-monsoon,Cabbage,7.0,142.44,36.75,85.41,33.82,4.5
images/sample_1515.ppm,Hambantota,Yala,Paddy,5.03,145.46,21.93,99.92,47.88,2.98
images/sample_1516.ppm,Galle,Yala,Chilli,6.7,159.57,36.03,75.87,37.04,5.31
images/sample_1517.ppm,Kilinochchi,Yala,Banana,7.34,141.1,17.0,85.01,39.45,2.18
images/sample_1518.ppm,Jaffna,Yala,Potato,6.45,175.78,23.56,96.98,51.42,3.25
images/sample_1519.ppm,Batticaloa,Yala,Paddy,5.23,122.85,38.65,43.32,18.33,5.29
images/sample_1520.ppm,Puttalam,Inter-monsoon,Tomato,6.68,126.02,18.77,93.96,41.11,2.01
images/sample_1521.ppm,Hambantota,Yala,Banana,5.67,100.79,21.38,73.6,24.9,1.85
images/sample_1522.ppm,Vavuniya,Inter-monsoon,Cabbage,6.4,147.41,22.41,105.03,50.05,1.67
images/sample_1523.ppm,Ratnapura,Inter-monsoon,Banana,7.65,143.92,34.61,73.83,37.31,4.46
images/sample_1524.ppm,Vavuniya,Yala,Maize,7.48,122.55,31.48,58.96,25.15,4.17
images/sample_1525.ppm,Batticaloa,Yala,Cabbage,5.36,134.54,19.63,92.46,45.21,1.35
images/sample_1526.ppm,Batticaloa,Inter-monsoon,Banana,7.73,164.56,37.7,83.34,45.39,5.5
images/sample_1527.ppm,Kandy,Maha,Banana,7.58,109.3,30.98,35.89,12.52,4.18
images/sample_1528.ppm,Gampaha,Yala,Chilli,6.7,135.39,15.77,86.65,42.55,1.99
images/sample_1529.ppm,Ampara,Maha,Paddy,5.33,89.77,13.83,62.78,22.78,1.53
images/sample_1530.ppm,Vavuniya,Inter-monsoon,Carrot,5.95,113.33,29.85,61.5,19.41,4.04
images/sample_1531.ppm,Kurunegala,Yala,Banana,7.01,131.12,18.92,80.72,41.46,1.24
images/sample_1532.ppm,Mannar,Yala,Banana,7.65,178.01,36.89,99.3,42.42,5.5
images/sample_1533.ppm,Kurunegala,Inter-monsoon,Potato,5.72,114.26,43.66,42.56,16.38,5.83
images/sample_1534.ppm,Matara,Maha,Tomato,5.94,96.64,24.5,66.36,19.6,3.22
images/sample_1535.ppm,Mullaitivu,Maha,Carrot,6.79,150.69,23.55,109.02,49.72,2.52
images/sample_1536.ppm,Mullaitivu,Maha,Paddy,5.8,137.84,33.6,55.14,25.37,4.84
images/sample_1537.ppm,Matale,Inter-monsoon,Cabbage,5.93,98.38,31.17,33.27,10.75,3.47
images/sample_1538.ppm,Moneragala,Maha,Tomato,4.98,82.1,17.13,37.45,12.45,2.62
images/sample_1539.ppm,Nuwara Eliya,Inter-monsoon,Paddy,5.96,105.83,25.57,67.27,20.3,2.4
images/sample_1540.ppm,Kilinochchi,Maha,Maize,7.42,122.06,20.36,64.57,32.85,3.05
images/sample_1541.ppm,Mullaitivu,Yala,Maize,6.53,137.39,24.63,67.85,31.18,4.13
images/sample_1542.ppm,Trincomalee,Maha,Banana,5.97,141.27,17.94,100.08,45.76,1.37
images/sample_1543.ppm,Anuradhapura,Yala,Carrot,5.76,123.03,24.41,68.19,27.98,4.28
images/sample_1544.ppm,Jaffna,Maha,Banana,6.33,127.69,17.88,97.38,44.72,1.39
images/sample_1545.ppm,Hambantota,Maha,Tomato,5.54,115.42,27.54,38.43,14.46,4.51
images/sample_1546.ppm,Trincomalee,Yala,Maize,5.6,152.36,16.4,100.96,49.02,1.65
images/sample_1547.ppm,Nuwara Eliya,Maha,Tomato,6.79,126.72,14.84,81.72,38.07,1.8
images/sample_1548.ppm,Kurunegala,Yala,Tomato,5.74,122.58,17.92,92.65,37.75,1.08
images/sample_1549.ppm,Matara,Yala,Carrot,5.2,167.57,38.22,77.82,36.98,5.65
images/sample_1550.ppm,Kilinochchi,Inter-monsoon,Chilli,6.34,153.59,15.44,101.73,49.94,1.9
images/sample_1551.ppm,Matale,Yala,Cabbage,7.13,128.96,14.37,86.44,41.43,1.02
images/sample_1552.ppm,Anuradhapura,Yala,Carrot,7.34,77.61,8.36,52.12,10.73,1.17
images/sample_1553.ppm,Jaffna,Yala,Chilli,5.79,117.59,17.19,68.51,32.44,1.42
images/sample_1554.ppm,Anuradhapura,Maha,Banana,6.69,170.77,37.28,68.11,34.86,6.22
images/sample_1555.ppm,Kalutara,Inter-monsoon,Banana,5.2,112.88,29.83,48.91,17.93,3.3
images/sample_1556.ppm,Kurunegala,Inter-monsoon,Chilli,6.6,162.48,28.71,92.41,48.64,2.92
images/sample_1557.ppm,Ampara,Yala,Tomato,6.52,150.01,18.28,97.04,49.46,2.79
images/sample_1558.ppm,Ratnapura,Yala,Banana,7.06,153.7,38.51,80.29,31.91,5.82
images/sample_1559.ppm,Matara,Yala,Chilli,6.72,159.44,40.98,81.42,40.59,5.63
images/sample_1560.ppm,Badulla,Yala,Tomato,6.42,132.83,24.33,75.17,34.13,2.48
images/sample_1561.ppm,Colombo,Yala,Maize,7.14,205.98,36.58,97.38,54.2,6.08
images/sample_1562.ppm,Mannar,Inter-monsoon,Maize,7.55,89.06,22.16,46.4,15.08,3.61
images/sample_1563.ppm,Vavuniya,Yala,Tomato,5.32,125.6,37.11,57.24,22.52,5.3
images/sample_1564.ppm,Kandy,Yala,Potato,5.23,116.98,30.93,58.24,21.21,5.13
images/sample_1565.ppm,Polonnaruwa,Maha,Carrot,4.92,109.15,30.51,58.02,20.75,3.69
images/sample_1566.ppm,Puttalam,Inter-monsoon,Banana,6.52,140.79,31.78,82.52,34.41,4.27
images/sample_1567.ppm,Kalutara,Yala,Maize,4.95,198.55,46.09,107.87,54.26,6.39
images/sample_1568.ppm,Kilinochchi,Yala,Paddy,6.17,161.15,32.22,95.16,43.95,4.82
images/sample_1569.ppm,Ampara,Maha,Banana,6.49,124.01,27.29,80.03,33.55,2.73
images/sample_1570.ppm,Kilinochchi,Maha,Carrot,6.66,85.43,21.03,49.38,16.19,1.99
images/sample_1571.ppm,Moneragala,Maha,Banana,7.72,158.05,41.67,89.51,37.78,6.27
images/sample_1572.ppm,Kurunegala,Inter-monsoon,Banana,7.08,111.69,42.13,46.12,11.41,6.29
images/sample_1573.ppm,Matale,Yala,Tomato,7.26,120.63,42.3,50.47,17.18,5.76
images/sample_1574.ppm,Vavuniya,Yala,Cabbage,7.73,135.49,40.87,53.62,23.94,5.81
images/sample_1575.ppm,Matara,Inter-monsoon,Potato,6.56,130.47,36.31,55.1,24.65,4.45
images/sample_1576.ppm,Vavuniya,Maha,Carrot,7.74,85.19,22.64,50.84,12.99,3.4
images/sample_1577.ppm,Vavuniya,Inter-monsoon,Paddy,6.27,166.64,15.72,115.43,54.25,2.12
images/sample_1578.ppm,Colombo,Maha,Cabbage,5.6,126.19,24.62,68.96,26.74,3.43
images/sample_1579.ppm,Colombo,Maha,Banana,6.59,148.65,26.04,102.13,45.34,3.54
images/sample_1580.ppm,Anuradhapura,Yala,Maize,5.59,157.03,40.04,59.23,28.9,5.81
images/sample_1581.ppm,Gampaha,Inter-monsoon,Tomato,6.88,70.8,14.21,40.17,11.89,1.25
images/sample_1582.ppm,Kegalle,Maha,Maize,7.04,173.85,32.86,91.06,42.86,5.45
images/sample_1583.ppm,Hambantota,Inter-monsoon,Cabbage,7.35,140.85,16.64,97.73,49.84,1.81
images/sample_1584.ppm,Vavuniya,Inter-monsoon,Maize,5.41,176.68,34.47,88.16,47.49,6.1
images/sample_1585.ppm,Kalutara,Maha,Carrot,6.43,83.72,16.57,64.24,20.99,1.64
images/sample_1586.ppm,Ratnapura,Yala,Maize,5.94,130.41,18.96,75.58,34.28,3.05
images/sample_1587.ppm,Vavuniya,Yala,Maize,5.21,120.89,29.59,62.72,28.15,4.08
images/sample_1588.ppm,Polonnaruwa,Maha,Maize,6.66,156.62,37.37,77.66,36.56,4.54
images/sample_1589.ppm,Kandy,Yala,Maize,6.9,167.66,37.91,79.43,41.93,5.37
images/sample_1590.ppm,Kalutara,Yala,Potato,7.26,104.21,21.86,57.31,17.68,3.7
images/sample_1591.ppm,Puttalam,Yala,Cabbage,5.41,142.93,19.99,91.44,42.49,3.07
images/sample_1592.ppm,Badulla,Maha,Paddy,6.41,97.12,24.02,48.53,21.7,2.18
images/sample_1593.ppm,Kalutara,Yala,Paddy,6.5,178.61,23.12,115.39,56.08,3.08
images/sample_1594.ppm,Ampara,Inter-monsoon,Carrot,6.25,98.95,22.5,61.5,16.73,3.64
images/sample_1595.ppm,Nuwara Eliya,Yala,Potato,6.68,103.11,21.74,74.93,28.18,2.35
images/sample_1596.ppm,Batticaloa,Maha,Chilli,5.95,193.0,31.99,94.79,53.06,5.25
images/sample_1597.ppm,Kalutara,Maha,Maize,5.14,125.52,38.1,67.31,26.86,4.9
images/sample_1598.ppm,Anuradhapura,Inter-monsoon,Maize,6.41,167.39,21.34,95.01,49.13,2.85
images/sample_1599.ppm,Gampaha,Inter-monsoon,Tomato,4.96,136.71,38.98,51.67,19.03,5.6
images/sample_1600.ppm,Gampaha,Yala,Banana,5.06,160.04,24.49,90.5,47.07,2.57
images/sample_1601.ppm,Matara,Maha,Banana,6.51,172.25,40.05,80.59,40.49,5.34
images/sample_1602.ppm,Kalutara,Yala,Banana,6.44,91.15,12.06,56.17,26.26,1.05
images/sample_1603.ppm,Batticaloa,Inter-monsoon,Paddy,7.3,76.63,8.67,49.42,16.31,1.07
images/sample_1604.ppm,Batticaloa,Inter-monsoon,Chilli,6.12,158.04,31.46,89.54,40.02,4.06
images/sample_1605.ppm,Matale,Maha,Chilli,5.87,183.74,42.88,96.24,51.22,6.0
images/sample_1606.ppm,Polonnaruwa,Maha,Cabbage,6.45,157.33,21.4,87.14,46.51,2.39
images/sample_1607.ppm,Galle,Inter-monsoon,Cabbage,7.72,169.24,12.35,116.2,57.43,1.59
images/sample_1608.ppm,Kalutara,Maha,Paddy,5.97,170.99,30.75,98.02,48.69,4.3
images/sample_1609.ppm,Batticaloa,Yala,Potato,5.03,105.22,28.17,41.4,15.05,4.85
images/sample_1610.ppm,Kalutara,Yala,Chilli,5.45,116.93,22.88,60.05,29.9,2.21
images/sample_1611.ppm,Colombo,Inter-monsoon,Tomato,7.22,135.48,30.41,69.91,28.14,4.62
images/sample_1612.ppm,Mannar,Yala,Chilli,7.27,104.1,22.5,69.33,28.3,1.75
images/sample_1613.ppm,Puttalam,Maha,Cabbage,7.32,128.68,10.91,83.88,40.6,1.06
images/sample_1614.ppm,Matara,Inter-monsoon,Maize,7.28,112.57,25.93,80.85,31.04,2.51
images/sample_1615.ppm,Jaffna,Inter-monsoon,Cabbage,7.16,179.11,29.94,116.27,55.79,4.53
images/sample_1616.ppm,Kandy,Yala,Paddy,7.48,180.42,33.99,97.6,42.83,5.74
images/sample_1617.ppm,Kalutara,Maha,Tomato,7.31,145.61,34.1,71.34,24.41,5.52
images/sample_1618.ppm,Gampaha,Maha,Potato,5.86,190.93,33.5,106.48,55.6,5.71
images/sample_1619.ppm,Puttalam,Inter-monsoon,Paddy,5.65,101.4,14.19,63.32,24.22,1.63
images/sample_1620.ppm,Colombo,Inter-monsoon,Tomato,6.28,126.04,21.66,84.17,35.01,3.05
images/sample_1621.ppm,Kandy,Yala,Potato,7.79,99.37,21.14,58.43,26.76,2.33
images/sample_1622.ppm,Polonnaruwa,Maha,Cabbage,5.12,171.27,23.76,103.91,56.17,3.36
images/sample_1623.ppm,Mannar,Inter-monsoon,Chilli,5.97,124.49,32.52,65.93,32.44,3.64
images/sample_1624.ppm,Badulla,Maha,Tomato,5.26,131.3,25.99,74.63,37.84,2.35
images/sample_1625.ppm,Kandy,Yala,Tomato,7.33,162.66,18.56,105.95,48.36,2.98
images/sample_1626.ppm,Kandy,Yala,Cabbage,5.96,154.03,18.59,101.15,51.96,3.02
images/sample_1627.ppm,Nuwara Eliya,Inter-monsoon,Cabbage,7.32,148.55,38.46,69.89,34.96,5.49
images/sample_1628.ppm,Kandy,Yala,Carrot,5.68,96.2,30.89,38.23,13.94,4.56
images/sample_1629.ppm,Kandy,Inter-monsoon,Banana,5.57,147.01,33.64,85.5,34.27,5.31
images/sample_1630.ppm,Nuwara Eliya,Yala,Chilli,6.47,149.68,26.03,100.53,50.76,2.75
images/sample_1631.ppm,Hambantota,Yala,Chilli,5.22,169.61,28.83,106.33,52.27,3.2
images/sample_1632.ppm,Ampara,Inter-monsoon,Maize,6.44,98.04,16.95,59.81,25.08,1.47
images/sample_1633.ppm,Vavuniya,Yala,Potato,5.51,175.18,38.88,107.22,49.69,5.54
images/sample_1634.ppm,Kandy,Maha,Tomato,7.55,161.26,31.24,93.43,43.01,4.34
images/sample_1635.ppm,Gampaha,Inter-monsoon,Potato,5.01,158.33,33.09,84.06,33.41,5.36
images/sample_1636.ppm,Puttalam,Maha,Banana,6.49,117.98,25.41,81.43,33.66,2.85
images/sample_1637.ppm,Puttalam,Yala,Maize,5.58,156.77,34.71,96.2,43.7,4.4
images/sample_1638.ppm,Kilinochchi,Maha,Maize,6.95,72.03,14.8,36.02,12.88,2.45
images/sample_1639.ppm,Kegalle,Maha,Chilli,5.91,133.94,31.46,62.59,23.58,5.51
images/sample_1640.ppm,Badulla,Maha,Cabbage,7.76,136.63,11.91,91.01,48.11,1.62
images/sample_1641.ppm,Galle,Yala,Tomato,5.59,142.53,36.08,87.75,38.35,4.57
images/sample_1642.ppm,Matale,Yala,Potato,6.83,120.15,24.96,80.27,32.32,2.63
images/sample_1643.ppm,Anuradhapura,Maha,Paddy,5.63,180.52,31.21,106.04,49.86,5.15
images/sample_1644.ppm,Kalutara,Yala,Maize,5.1,165.46,22.51,109.31,54.52,1.85
images/sample_1645.ppm,Colombo,Maha,Cabbage,5.9,89.41,16.52,54.71,22.11,2.1
images/sample_1646.ppm,Batticaloa,Yala,Maize,6.25,80.05,16.79,45.97,13.05,2.14
images/sample_1647.ppm,Gampaha,Yala,Carrot,5.01,135.42,22.63,82.84,40.4,2.96
images/sample_1648.ppm,Nuwara Eliya,Inter-monsoon,Tomato,5.45,89.75,15.38,45.28,19.93,1.55
images/sample_1649.ppm,Matale,Inter-monsoon,Potato,6.94,162.07,19.4,96.67,52.58,3.18
images/sample_1650.ppm,Kalutara,Yala,Tomato,5.26,167.05,29.72,83.28,40.69,5.14
images/sample_1651.ppm,Hambantota,Inter-monsoon,Paddy,5.02,170.31,37.23,96.16,43.15,4.62
images/sample_1652.ppm,Moneragala,Yala,Maize,5.75,98.62,19.83,41.2,12.03,3.38
images/sample_1653.ppm,Hambantota,Inter-monsoon,Paddy,7.21,127.03,13.58,84.94,35.71,2.06
images/sample_1654.ppm,Anuradhapura,Yala,Banana,5.77,164.8,26.58,103.57,52.46,2.55
images/sample_1655.ppm,Vavuniya,Inter-monsoon,Cabbage,5.33,83.46,12.55,65.1,23.24,1.55
images/sample_1656.ppm,Moneragala,Yala,Maize,6.84,106.29,16.27,73.7,28.39,2.01
images/sample_1657.ppm,Trincomalee,Maha,Banana,5.08,81.62,18.62,52.52,19.71,1.59
images/sample_1658.ppm,Kalutara,Yala,Cabbage,7.37,203.83,40.23,113.81,56.35,5.51
images/sample_1659.ppm,Trincomalee,Yala,Chilli,6.82,159.73,31.55,100.06,45.8,3.83
images/sample_1660.ppm,Matale,Yala,Chilli,5.75,118.29,12.29,96.56,40.47,1.34
images/sample_1661.ppm,Mannar,Maha,Banana,6.81,121.09,15.29,78.96,33.6,1.9
images/sample_1662.ppm,Nuwara Eliya,Inter-monsoon,Tomato,6.6,132.57,36.31,67.46,24.11,6.32
images/sample_1663.ppm,Kilinochchi,Maha,Banana,6.2,177.75,42.49,91.35,47.78,5.63
images/sample_1664.ppm,Galle,Maha,Maize,6.68,147.99,9.26,97.64,48.2,1.33
images/sample_1665.ppm,Badulla,Yala,Carrot,6.17,115.64,26.47,47.57,17.25,4.42
images/sample_1666.ppm,Mannar,Maha,Tomato,6.39,161.26,31.78,90.73,45.3,4.88
images/sample_1667.ppm,Matale,Yala,Banana,6.01,139.49,18.07,85.09,38.87,2.29
images/sample_1668.ppm,Kalutara,Maha,Paddy,5.77,91.7,21.91,43.16,17.43,1.99
images/sample_1669.ppm,Anuradhapura,Yala,Chilli,7.02,114.34,19.05,76.65,30.07,2.79
images/sample_1670.ppm,Matara,Inter-monsoon,Paddy,6.74,169.5,40.59,72.38,37.36,6.2
images/sample_1671.ppm,Jaffna,Yala,Paddy,5.18,147.19,12.11,108.51,49.43,1.85
images/sample_1672.ppm,Hambantota,Inter-monsoon,Maize,5.11,129.27,40.01,42.38,14.74,5.72
images/sample_1673.ppm,Polonnaruwa,Yala,Banana,7.52,162.48,31.18,94.4,47.54,3.78
images/sample_1674.ppm,Jaffna,Maha,Potato,5.54,191.92,34.49,105.9,48.38,5.46
images/sample_1675.ppm,Kegalle,Maha,Banana,5.2,163.02,42.62,64.69,32.14,5.82
images/sample_1676.ppm,Galle,Yala,Paddy,5.7,139.27,32.7,70.64,35.65,3.82
images/sample_1677.ppm,Nuwara Eliya,Maha,Cabbage,7.31,112.84,28.09,52.11,21.75,4.81
images/sample_1678.ppm,Anuradhapura,Yala,Banana,5.61,149.98,40.2,70.06,32.03,5.63
images/sample_1679.ppm,Hambantota,Maha,Chilli,7.78,184.22,41.66,88.98,47.54,5.82
images/sample_1680.ppm,Gampaha,Inter-monsoon,Carrot,5.2,125.2,41.18,64.36,23.0,5.63
images/sample_1681.ppm,Anuradhapura,Inter-monsoon,Carrot,6.73,145.22,40.22,72.92,30.45,5.92
images/sample_1682.ppm,Anuradhapura,Maha,Tomato,5.45,155.0,16.47,107.6,56.93,1.38
images/sample_1683.ppm,Matale,Maha,Carrot,5.37,172.71,23.65,102.64,54.86,2.81
images/sample_1684.ppm,Galle,Yala,Cabbage,5.07,142.72,35.18,71.63,25.38,4.99
images/sample_1685.ppm,Vavuniya,Inter-monsoon,Tomato,5.93,174.94,31.93,110.03,56.3,3.95
images/sample_1686.ppm,Badulla,Yala,Tomato,6.66,134.11,15.67,91.94,39.44,1.91
images/sample_1687.ppm,Mullaitivu,Maha,Maize,5.91,168.34,30.66,85.62,39.88,5.1
images/sample_1688.ppm,Badulla,Inter-monsoon,Paddy,6.98,100.45,25.63,54.37,16.64,3.3
images/sample_1689.ppm,Ampara,Maha,Cabbage,5.85,147.47,38.58,71.36,36.46,5.1
images/sample_1690.ppm,Mullaitivu,Maha,Maize,6.14,136.61,25.21,90.93,40.44,2.73
images/sample_1691.ppm,Gampaha,Inter-monsoon,Potato,5.49,162.55,32.56,102.15,44.08,3.6
images/sample_1692.ppm,Matale,Yala,Chilli,5.83,121.44,13.84,73.22,32.14,2.27
images/sample_1693.ppm,Kegalle,Inter-monsoon,Potato,5.91,127.32,34.15,49.41,11.7,6.07
images/sample_1694.ppm,Trincomalee,Inter-monsoon,Chilli,5.45,141.44,29.08,56.53,27.24,4.33
images/sample_1695.ppm,Mannar,Inter-monsoon,Potato,5.41,210.0,45.92,107.58,53.69,6.26
images/sample_1696.ppm,Kandy,Yala,Maize,7.35,160.64,39.01,80.48,39.45,5.51
images/sample_1697.ppm,Batticaloa,Maha,Potato,5.39,80.11,26.51,50.39,11.48,3.41
images/sample_1698.ppm,Polonnaruwa,Yala,Banana,6.58,188.46,31.13,123.32,57.7,4.3
images/sample_1699.ppm,Nuwara Eliya,Yala,Chilli,6.13,92.17,22.01,64.09,21.79,1.89
images/sample_1700.ppm,Badulla,Yala,Chilli,6.8,202.94,35.98,116.51,56.96,5.44
images/sample_1701.ppm,Ratnapura,Inter-monsoon,Maize,5.78,126.78,37.1,59.54,27.3,5.16
images/sample_1702.ppm,Trincomalee,Inter-monsoon,Carrot,6.32,150.68,26.19,97.05,47.72,2.37
images/sample_1703.ppm,Kalutara,Maha,Maize,6.31,170.68,28.86,95.09,50.9,4.74
images/sample_1704.ppm,Colombo,Maha,Maize,5.5,165.02,28.87,85.41,43.66,3.72
images/sample_1705.ppm,Kurunegala,Yala,Potato,7.08,133.91,32.61,68.26,24.37,5.1
images/sample_1706.ppm,Batticaloa,Yala,Cabbage,6.81,189.98,30.5,116.54,57.32,4.36
images/sample_1707.ppm,Hambantota,Yala,Chilli,5.26,141.58,19.96,101.04,54.2,1.25
images/sample_1708.ppm,Mannar,Maha,Potato,7.56,114.36,34.1,65.0,25.97,4.2
images/sample_1709.ppm,Nuwara Eliya,Inter-monsoon,Chilli,5.24,119.43,34.9,45.88,13.75,5.11
images/sample_1710.ppm,Ratnapura,Yala,Banana,6.93,117.8,40.84,52.57,12.86,6.22
images/sample_1711.ppm,Kilinochchi,Yala,Potato,6.78,78.87,17.14,59.24,18.04,1.28
images/sample_1712.ppm,Kegalle,Inter-monsoon,Potato,5.82,140.03,21.87,102.25,47.4,1.78
images/sample_1713.ppm,Ratnapura,Maha,Carrot,7.13,106.91,24.57,60.5,18.78,2.71
images/sample_1714.ppm,Matale,Yala,Banana,7.41,139.75,24.62,93.47,42.21,2.53
images/sample_1715.ppm,Kandy,Inter-monsoon,Maize,5.25,124.72,42.27,35.73,11.53,6.0
images/sample_1716.ppm,Kandy,Maha,Carrot,5.38,148.37,37.82,74.23,36.71,4.69
images/sample_1717.ppm,Hambantota,Inter-monsoon,Potato,6.65,88.98,16.85,63.89,23.13,2.08
images/sample_1718.ppm,Matale,Yala,Banana,5.91,185.62,38.26,91.22,46.36,5.37
images/sample_1719.ppm,Polonnaruwa,Inter-monsoon,Tomato,6.38,124.73,32.27,73.14,25.0,3.68
images/sample_1720.ppm,Badulla,Yala,Chilli,5.74,134.47,14.98,81.61,43.05,2.19
images/sample_1721.ppm,Hambantota,Yala,Banana,5.76,157.06,35.18,84.22,34.49,4.92
images/sample_1722.ppm,Puttalam,Yala,Banana,7.56,167.83,38.96,96.82,40.73,4.9
images/sample_1723.ppm,Galle,Inter-monsoon,Banana,5.8,171.37,32.89,85.23,44.69,5.3
images/sample_1724.ppm,Anuradhapura,Yala,Maize,5.23,110.33,9.53,71.29,32.91,1.36
images/sample_1725.ppm,Mannar,Inter-monsoon,Tomato,6.16,147.61,25.94,96.13,39.92,4.45
images/sample_1726.ppm,Moneragala,Maha,Banana,6.78,150.11,22.77,79.98,42.58,2.78
images/sample_1727.ppm,Vavuniya,Inter-monsoon,Cabbage,7.56,146.98,32.67,81.47,37.84,3.63
images/sample_1728.ppm,Matale,Maha,Carrot,6.6,129.88,38.7,60.17,24.82,5.79
images/sample_1729.ppm,Puttalam,Inter-monsoon,Paddy,5.94,117.73,15.5,77.42,28.01,2.36
images/sample_1730.ppm,Nuwara Eliya,Maha,Chilli,7.73,174.45,24.07,87.6,46.42,4.09
images/sample_1731.ppm,Polonnaruwa,Inter-monsoon,Potato,6.69,122.59,23.78,71.02,25.65,3.45
images/sample_1732.ppm,Matara,Inter-monsoon,Potato,7.63,119.59,37.55,56.02,14.71,4.56
images/sample_1733.ppm,Kalutara,Maha,Maize,7.0,115.16,32.04,43.5,10.53,5.64
images/sample_1734.ppm,Kandy,Inter-monsoon,Cabbage,4.98,162.44,30.91,100.56,47.52,4.11
images/sample_1735.ppm,Anuradhapura,Maha,Maize,6.05,152.84,36.51,71.83,29.53,6.03
images/sample_1736.ppm,Kandy,Yala,Maize,6.84,158.7,33.71,79.44,35.09,5.95
images/sample_1737.ppm,Nuwara Eliya,Inter-monsoon,Banana,5.61,103.07,18.79,54.85,24.55,1.71
images/sample_1738.ppm,Trincomalee,Yala,Potato,6.1,125.44,10.12,77.24,36.77,1.02
images/sample_1739.ppm,Anuradhapura,Yala,Banana,5.4,127.64,30.86,58.62,21.79,4.18
images/sample_1740.ppm,Kalutara,Yala,Potato,6.98,147.35,19.78,98.79,51.93,1.6
images/sample_1741.ppm,Matara,Maha,Paddy,6.33,117.12,29.2,66.2,19.99,3.3
images/sample_1742.ppm,Vavuniya,Maha,Paddy,7.63,161.43,41.2,82.65,33.99,5.4
images/sample_1743.ppm,Moneragala,Yala,Tomato,7.27,159.92,39.27,86.79,38.95,5.9
images/sample_1744.ppm,Matara,Maha,Paddy,6.4,128.15,24.91,79.82,28.56,4.28
images/sample_1745.ppm,Batticaloa,Maha,Maize,5.19,134.15,15.96,92.22,39.69,1.44
images/sample_1746.ppm,Kurunegala,Yala,Banana,7.15,135.71,23.38,81.37,31.7,3.68
images/sample_1747.ppm,Batticaloa,Inter-monsoon,Paddy,6.1,155.5,40.79,54.36,25.82,6.4
images/sample_1748.ppm,Kalutara,Yala,Paddy,5.96,117.71,13.16,88.5,37.76,1.36
images/sample_1749.ppm,Kandy,Maha,Tomato,7.46,121.02,26.54,56.49,21.18,3.61
images/sample_1750.ppm,Kegalle,Inter-monsoon,Cabbage,6.36,141.49,29.86,94.18,39.29,3.29
images/sample_1751.ppm,Nuwara Eliya,Inter-monsoon,Maize,6.98,158.81,15.68,117.36,56.78,1.13
images/sample_1752.ppm,Kandy,Maha,Banana,5.74,135.09,30.7,86.1,33.65,3.98
images/sample_1753.ppm,Gampaha,Inter-monsoon,Chilli,6.02,117.55,32.47,52.93,17.17,5.36
images/sample_1754.ppm,Gampaha,Maha,Paddy,6.47,118.45,17.27,76.85,39.32,1.61
images/sample_1755.ppm,Colombo,Yala,Potato,7.31,177.09,41.52,102.95,44.16,6.26
images/sample_1756.ppm,Kegalle,Yala,Tomato,7.63,169.79,21.69,103.11,51.92,3.4
images/sample_1757.ppm,Nuwara Eliya,Yala,Paddy,7.19,165.09,41.87,80.5,34.04,5.93
images/sample_1758.ppm,Mannar,Maha,Cabbage,5.06,89.05,21.9,40.5,13.86,3.22
images/sample_1759.ppm,Jaffna,Yala,Tomato,6.47,118.61,24.62,56.27,24.87,4.34
images/sample_1760.ppm,Vavuniya,Yala,Potato,5.41,160.13,32.41,71.58,33.28,5.08
images/sample_1761.ppm,Badulla,Inter-monsoon,Paddy,7.12,152.71,30.29,90.29,42.99,3.87
images/sample_1762.ppm,Polonnaruwa,Maha,Chilli,7.5,196.53,32.11,109.68,52.68,5.15
images/sample_1763.ppm,Kurunegala,Inter-monsoon,Cabbage,6.55,111.9,21.23,59.27,24.53,2.73
images/sample_1764.ppm,Polonnaruwa,Yala,Tomato,7.65,114.43,18.75,80.45,31.55,2.17
images/sample_1765.ppm,Badulla,Yala,Paddy,7.23,120.75,34.42,55.29,14.71,4.59
images/sample_1766.ppm,Anuradhapura,Inter-monsoon,Potato,7.47,124.53,26.86,58.13,21.51,4.19
images/sample_1767.ppm,Colombo,Inter-monsoon,Chilli,7.35,124.92,38.2,52.64,16.06,4.75
images/sample_1768.ppm,Anuradhapura,Yala,Carrot,7.02,159.21,20.88,103.55,47.77,2.38
images/sample_1769.ppm,Kurunegala,Inter-monsoon,Paddy,7.32,101.72,16.42,63.82,27.67,1.58
images/sample_1770.ppm,Matale,Maha,Banana,6.57,112.8,36.9,59.67,16.01,5.17
images/sample_1771.ppm,Trincomalee,Maha,Carrot,5.61,148.85,11.5,116.3,55.93,1.19
images/sample_1772.ppm,Mannar,Inter-monsoon,Potato,5.44,143.03,24.92,92.07,46.42,3.14
images/sample_1773.ppm,Ampara,Yala,Banana,6.8,128.97,25.26,82.94,37.56,3.38
images/sample_1774.ppm,Matara,Maha,Potato,6.92,182.44,26.57,104.65,55.94,3.21
images/sample_1775.ppm,Nuwara Eliya,Inter-monsoon,Banana,7.73,143.77,22.38,86.81,46.23,2.18
images/sample_1776.ppm,Trincomalee,Yala,Potato,6.6,149.39,19.38,83.3,43.01,2.96
images/sample_1777.ppm,Trincomalee,Yala,Chilli,5.48,105.22,19.39,62.85,25.58,2.33
images/sample_1778.ppm,Ampara,Inter-monsoon,Tomato,6.66,94.3,10.45,57.56,22.64,1.41
images/sample_1779.ppm,Badulla,Yala,Tomato,6.62,125.64,37.68,69.09,26.83,4.66
images/sample_1780.ppm,Trincomalee,Maha,Maize,7.23,130.27,24.78,67.15,23.17,4.33
images/sample_1781.ppm,Trincomalee,Inter-monsoon,Tomato,6.65,139.88,38.95,64.82,31.85,4.94
images/sample_1782.ppm,Polonnaruwa,Inter-monsoon,Carrot,5.08,160.87,24.66,104.88,51.71,2.38
images/sample_1783.ppm,Moneragala,Yala,Cabbage,6.22,100.97,34.38,40.69,11.32,4.29
images/sample_1784.ppm,Mannar,Yala,Chilli,7.77,122.87,41.86,60.76,19.02,5.98
images/sample_1785.ppm,Puttalam,Yala,Tomato,7.15,180.24,31.03,96.2,47.09,5.46
images/sample_1786.ppm,Kilinochchi,Inter-monsoon,Potato,7.41,87.82,14.17,51.2,22.77,1.84
images/sample_1787.ppm,Jaffna,Maha,Cabbage,7.65,101.91,19.82,62.56,29.62,1.99
images/sample_1788.ppm,Matara,Maha,Maize,7.08,131.95,25.46,74.54,30.35,3.82
images/sample_1789.ppm,Badulla,Yala,Cabbage,7.19,95.74,18.68,72.09,26.98,1.07
images/sample_1790.ppm,Kegalle,Inter-monsoon,Tomato,4.95,152.59,14.16,105.48,56.91,1.98
images/sample_1791.ppm,Jaffna,Yala,Potato,6.93,140.07,24.6,73.6,28.13,4.07
images/sample_1792.ppm,Kalutara,Inter-monsoon,Tomato,6.92,173.63,40.48,107.63,51.02,5.1
images/sample_1793.ppm,Nuwara Eliya,Yala,Potato,6.81,153.3,29.7,95.37,39.13,3.74
images/sample_1794.ppm,Hambantota,Yala,Carrot,5.2,118.36,13.8,74.89,35.58,1.73
images/sample_1795.ppm,Kandy,Yala,Carrot,5.76,147.33,19.21,107.43,47.99,2.39
images/sample_1796.ppm,Mannar,Maha,Potato,7.51,96.11,32.23,50.12,15.82,3.78
images/sample_1797.ppm,Ratnapura,Maha,Carrot,7.0,109.64,27.54,41.55,12.99,4.22
images/sample_1798.ppm,Gampaha,Yala,Banana,6.56,157.85,21.59,92.3,48.95,2.99
images/sample_1799.ppm,Puttalam,Yala,Banana,5.85,60.37,13.64,33.93,11.01,1.1
images/sample_1800.ppm,Mannar,Maha,Tomato,7.33,150.24,25.09,71.69,36.1,4.24
images/sample_1801.ppm,Kalutara,Inter-monsoon,Paddy,6.47,87.7,16.58,47.22,15.99,1.88
images/sample_1802.ppm,Colombo,Maha,Banana,7.06,154.06,38.7,88.07,37.38,5.57
images/sample_1803.ppm,Kalutara,Inter-monsoon,Chilli,6.41,118.55,27.5,79.14,30.56,3.08
images/sample_1804.ppm,Kandy,Yala,Chilli,7.41,122.87,27.94,77.56,29.3,4.17
images/sample_1805.ppm,Anuradhapura,Maha,Maize,5.59,89.96,17.16,57.6,20.53,2.37
images/sample_1806.ppm,Ampara,Inter-monsoon,Maize,5.51,130.67,25.62,72.05,32.85,3.07
images/sample_1807.ppm,Vavuniya,Maha,Maize,5.6,154.17,24.68,105.23,47.89,3.5
images/sample_1808.ppm,Kegalle,Maha,Maize,7.02,152.12,16.66,111.31,55.64,1.32
images/sample_1809.ppm,Hambantota,Yala,Paddy,6.14,155.57,13.59,95.9,51.98,2.22
images/sample_1810.ppm,Matale,Inter-monsoon,Banana,5.4,177.68,29.57,116.5,57.06,4.11
images/sample_1811.ppm,Badulla,Yala,Banana,6.17,87.28,22.78,48.87,15.74,2.97
images/sample_1812.ppm,Kalutara,Inter-monsoon,Chilli,5.21,157.63,33.29,97.31,49.0,3.73
images/sample_1813.ppm,Hambantota,Maha,Chilli,5.68,127.61,27.05,62.73,25.01,3.34
images/sample_1814.ppm,Matara,Inter-monsoon,Cabbage,6.57,139.35,18.85,77.08,34.11,2.83
images/sample_1815.ppm,Colombo,Yala,Tomato,5.66,137.87,34.1,62.79,26.03,4.67
images/sample_1816.ppm,Kalutara,Inter-monsoon,Chilli,5.58,147.32,24.64,75.22,39.13,3.06
images/sample_1817.ppm,Badulla,Yala,Chilli,7.57,86.86,13.09,53.9,22.5,1.38
images/sample_1818.ppm,Kandy,Inter-monsoon,Carrot,5.08,141.88,16.4,99.37,54.13,1.08
images/sample_1819.ppm,Kandy,Yala,Chilli,7.3,147.17,27.89,83.67,31.53,4.81
images/sample_1820.ppm,Ratnapura,Inter-monsoon,Maize,7.24,175.48,26.58,99.23,47.41,4.5
images/sample_1821.ppm,Badulla,Maha,Potato,6.97,124.32,38.5,59.49,18.77,4.98
images/sample_1822.ppm,Puttalam,Inter-monsoon,Paddy,6.78,148.61,24.32,88.64,44.47,2.12
images/sample_1823.ppm,Nuwara Eliya,Maha,Tomato,6.3,82.6,20.59,55.73,22.93,1.33
images/sample_1824.ppm,Polonnaruwa,Yala,Chilli,5.74,178.26,35.96,99.63,51.44,4.46
images/sample_1825.ppm,Anuradhapura,Yala,Tomato,5.94,115.86,36.14,55.57,18.21,5.54
images/sample_1826.ppm,Moneragala,Yala,Tomato,6.44,122.48,38.37,48.93,17.18,5.18
images/sample_1827.ppm,Moneragala,Maha,Potato,5.53,187.92,33.36,108.97,53.91,4.68
images/sample_1828.ppm,Hambantota,Maha,Banana,5.41,201.02,38.96,116.57,55.83,5.53
images/sample_1829.ppm,Trincomalee,Inter-monsoon,Tomato,5.85,180.67,31.07,103.67,48.74,5.31
images/sample_1830.ppm,Moneragala,Inter-monsoon,Tomato,4.99,116.89,26.29,54.43,20.05,3.49
images/sample_1831.ppm,Colombo,Yala,Carrot,6.91,105.12,10.42,78.96,34.11,1.58
images/sample_1832.ppm,Puttalam,Yala,Chilli,5.99,179.8,36.76,86.26,38.4,6.17
images/sample_1833.ppm,Ampara,Maha,Banana,7.47,147.56,23.27,88.29,36.92,3.4
images/sample_1834.ppm,Ratnapura,Yala,Banana,6.29,118.05,28.22,57.13,25.72,4.17
images/sample_1835.ppm,Nuwara Eliya,Maha,Maize,6.41,115.21,36.05,37.88,14.9,5.16
images/sample_1836.ppm,Mannar,Inter-monsoon,Tomato,6.84,142.64,13.94,97.14,47.59,1.17
images/sample_1837.ppm,Galle,Maha,Cabbage,6.33,108.32,18.47,52.27,21.74,2.21
images/sample_1838.ppm,Kegalle,Inter-monsoon,Paddy,5.34,136.66,18.85,87.66,48.18,2.17
images/sample_1839.ppm,Moneragala,Inter-monsoon,Chilli,4.95,156.08,28.7,87.2,37.49,5.11
images/sample_1840.ppm,Kandy,Maha,Chilli,6.09,90.52,25.38,53.47,14.21,2.77
images/sample_1841.ppm,Puttalam,Yala,Potato,5.31,118.01,31.26,65.6,19.75,4.72
images/sample_1842.ppm,Kegalle,Maha,Potato,5.71,106.05,32.0,43.13,18.04,4.09
images/sample_1843.ppm,Trincomalee,Yala,Banana,6.77,140.99,15.47,95.66,51.35,1.81
images/sample_1844.ppm,Kegalle,Maha,Carrot,7.72,98.31,19.86,61.33,21.29,1.29
images/sample_1845.ppm,Batticaloa,Inter-monsoon,Maize,5.43,107.98,32.82,52.39,10.87,4.81
images/sample_1846.ppm,Ampara,Inter-monsoon,Tomato,5.21,164.34,33.94,84.99,38.45,5.36
images/sample_1847.ppm,Trincomalee,Maha,Cabbage,5.79,156.69,29.89,89.57,48.62,3.91
images/sample_1848.ppm,Ratnapura,Maha,Chilli,7.55,74.94,11.18,49.08,14.6,1.13
images/sample_1849.ppm,Vavuniya,Inter-monsoon,Chilli,4.95,131.53,19.36,92.94,48.92,1.04
images/sample_1850.ppm,Galle,Yala,Banana,5.09,108.79,13.45,73.64,27.0,2.13
images/sample_1851.ppm,Polonnaruwa,Inter-monsoon,Cabbage,6.83,142.88,30.59,78.48,34.69,3.44
images/sample_1852.ppm,Galle,Inter-monsoon,Tomato,6.0,196.46,39.92,109.54,50.64,6.02
images/sample_1853.ppm,Moneragala,Maha,Chilli,7.73,131.77,29.93,79.62,30.39,3.6
images/sample_1854.ppm,Ampara,Yala,Tomato,7.52,154.35,27.42,87.65,39.4,4.27
images/sample_1855.ppm,Matara,Maha,Chilli,6.64,167.17,23.62,107.17,48.55,3.17
images/sample_1856.ppm,Gampaha,Yala,Chilli,7.76,155.3,31.7,71.77,35.09,5.44
images/sample_1857.ppm,Mannar,Yala,Potato,7.07,114.77,22.23,71.97,33.4,1.72
images/sample_1858.ppm,Kilinochchi,Yala,Banana,5.77,163.27,21.7,105.94,49.38,3.17
images/sample_1859.ppm,Puttalam,Yala,Tomato,7.44,143.37,34.72,72.63,36.09,4.42
images/sample_1860.ppm,Jaffna,Maha,Potato,5.92,89.67,25.87,41.34,11.0,3.44
images/sample_1861.ppm,Kurunegala,Yala,Potato,7.7,154.05,38.13,75.41,36.36,5.91
images/sample_1862.ppm,Kilinochchi,Yala,Carrot,6.72,131.9,18.51,85.37,45.73,1.1
images/sample_1863.ppm,Kilinochchi,Inter-monsoon,Carrot,5.45,173.45,30.7,83.49,42.18,4.7
images/sample_1864.ppm,Mullaitivu,Inter-monsoon,Potato,5.01,167.03,30.46,102.71,56.19,3.19
images/sample_1865.ppm,Badulla,Maha,Banana,6.22,151.87,21.22,82.0,41.15,3.18
images/sample_1866.ppm,Trincomalee,Yala,Paddy,6.9,103.03,17.53,74.37,28.66,1.55
images/sample_1867.ppm,Nuwara Eliya,Yala,Maize,7.14,103.48,32.82,37.12,10.29,4.61
images/sample_1868.ppm,Vavuniya,Maha,Paddy,5.36,150.54,33.75,89.65,39.75,4.74
images/sample_1869.ppm,Ampara,Yala,Banana,5.27,181.51,30.71,123.14,57.49,3.64
images/sample_1870.ppm,Ampara,Yala,Paddy,4.99,137.9,35.93,71.56,29.59,5.28
images/sample_1871.ppm,Colombo,Maha,Chilli,7.13,146.44,29.78,81.39,37.66,3.12
images/sample_1872.ppm,Ampara,Inter-monsoon,Paddy,7.74,182.5,32.0,108.89,55.76,4.1
images/sample_1873.ppm,Kilinochchi,Yala,Carrot,5.73,151.15,21.0,89.68,44.01,3.62
images/sample_1874.ppm,Polonnaruwa,Inter-monsoon,Chilli,6.73,124.56,34.05,59.89,18.76,5.64
images/sample_1875.ppm,Badulla,Maha,Cabbage,5.79,142.83,25.65,93.21,44.86,2.53
images/sample_1876.ppm,Vavuniya,Yala,Potato,6.13,164.75,41.82,89.53,42.96,5.96
images/sample_1877.ppm,Trincomalee,Maha,Cabbage,5.31,159.2,29.91,103.8,45.49,3.32
images/sample_1878.ppm,Ratnapura,Inter-monsoon,Paddy,5.97,152.39,16.83,102.75,51.55,2.1
images/sample_1879.ppm,Badulla,Yala,Cabbage,6.03,97.26,23.33,46.31,19.4,2.65
images/sample_1880.ppm,Matara,Maha,Potato,7.38,120.43,25.73,71.23,24.81,4.17
images/sample_1881.ppm,Kalutara,Yala,Cabbage,6.94,155.51,35.39,77.77,36.98,5.55
images/sample_1882.ppm,Moneragala,Maha,Potato,7.51,183.72,24.69,112.25,54.18,4.28
images/sample_1883.ppm,Colombo,Inter-monsoon,Potato,5.61,115.06,22.65,53.83,24.69,2.59
images/sample_1884.ppm,Trincomalee,Maha,Cabbage,5.34,175.29,35.02,89.89,45.22,6.22
images/sample_1885.ppm,Anuradhapura,Maha,Tomato,6.81,127.36,35.93,56.17,19.0,5.45
images/sample_1886.ppm,Polonnaruwa,Inter-monsoon,Carrot,5.55,175.93,29.36,108.27,48.63,5.12
images/sample_1887.ppm,Kegalle,Maha,Cabbage,7.61,127.44,22.84,86.48,34.93,2.05
images/sample_1888.ppm,Mullaitivu,Yala,Maize,6.38,185.21,33.8,98.11,55.11,3.98
images/sample_1889.ppm,Anuradhapura,Maha,Cabbage,5.41,161.27,21.48,108.49,51.49,2.41
images/sample_1890.ppm,Gampaha,Yala,Paddy,5.35,129.28,40.09,53.57,17.3,5.38
images/sample_1891.ppm,Galle,Maha,Potato,5.54,120.15,10.14,93.5,39.27,1.16
images/sample_1892.ppm,Batticaloa,Maha,Chilli,6.22,151.23,28.53,77.54,37.23,5.0
images/sample_1893.ppm,Anuradhapura,Yala,Cabbage,6.74,137.67,22.75,71.42,33.98,3.7
images/sample_1894.ppm,Anuradhapura,Inter-monsoon,Paddy,5.27,76.45,15.73,50.73,13.75,1.05
images/sample_1895.ppm,Hambantota,Maha,Potato,5.32,121.19,39.65,59.45,18.1,5.44
images/sample_1896.ppm,Matale,Inter-monsoon,Paddy,7.33,161.0,17.53,110.19,51.05,2.37
images/sample_1897.ppm,Galle,Yala,Cabbage,5.06,154.38,33.35,101.96,44.52,4.43
images/sample_1898.ppm,Gampaha,Yala,Chilli,7.57,181.65,26.08,103.7,55.29,3.57
images/sample_1899.ppm,Polonnaruwa,Yala,Paddy,6.83,127.8,18.93,77.44,35.0,1.46
images/sample_1900.ppm,Kilinochchi,Yala,Potato,6.39,120.79,15.64,74.14,31.57,1.97
images/sample_1901.ppm,Trincomalee,Maha,Maize,7.24,104.63,30.46,37.45,10.94,4.26
images/sample_1902.ppm,Batticaloa,Maha,Tomato,6.13,174.97,30.26,95.69,48.31,3.65
images/sample_1903.ppm,Badulla,Inter-monsoon,Maize,6.05,121.56,28.16,69.03,23.55,4.68
images/sample_1904.ppm,Puttalam,Maha,Paddy,7.61,135.19,20.26,103.13,44.15,2.4
images/sample_1905.ppm,Jaffna,Yala,Tomato,6.46,82.81,13.25,59.29,18.83,1.26
images/sample_1906.ppm,Vavuniya,Inter-monsoon,Chilli,5.96,181.51,24.25,103.12,52.32,3.7
images/sample_1907.ppm,Kurunegala,Inter-monsoon,Tomato,5.46,113.09,16.46,68.53,31.23,1.56
images/sample_1908.ppm,Mullaitivu,Inter-monsoon,Chilli,6.15,90.09,12.36,56.97,20.53,1.83
images/sample_1909.ppm,Gampaha,Maha,Cabbage,7.09,82.83,22.61,45.08,16.71,2.41
images/sample_1910.ppm,Galle,Inter-monsoon,Potato,7.37,138.13,13.6,99.99,50.4,1.59
images/sample_1911.ppm,Polonnaruwa,Yala,Banana,6.97,124.66,11.02,78.14,38.07,1.28
images/sample_1912.ppm,Matara,Inter-monsoon,Paddy,6.07,129.12,33.92,64.07,21.38,4.6
images/sample_1913.ppm,Kurunegala,Inter-monsoon,Carrot,5.87,138.96,27.41,67.88,25.83,4.88
images/sample_1914.ppm,Gampaha,Maha,Cabbage,5.82,141.21,17.78,100.64,43.44,1.57
images/sample_1915.ppm,Kandy,Inter-monsoon,Paddy,6.0,124.39,17.78,78.23,36.01,1.37
images/sample_1916.ppm,Matara,Yala,Maize,7.16,166.13,31.02,101.61,50.33,4.23
images/sample_1917.ppm,Colombo,Inter-monsoon,Cabbage,7.73,160.06,44.38,75.11,37.74,6.19
images/sample_1918.ppm,Ratnapura,Yala,Paddy,7.39,139.24,13.85,96.38,50.53,1.85
images/sample_1919.ppm,Nuwara Eliya,Inter-monsoon,Potato,7.26,105.1,13.33,54.12,23.98,1.81
images/sample_1920.ppm,Vavuniya,Yala,Chilli,5.8,181.28,32.31,113.27,53.48,4.41
images/sample_1921.ppm,Ampara,Maha,Carrot,7.61,156.44,23.17,100.91,50.5,1.88
images/sample_1922.ppm,Jaffna,Maha,Potato,4.91,131.68,24.69,72.05,30.85,2.88
images/sample_1923.ppm,Jaffna,Inter-monsoon,Paddy,6.93,112.33,29.64,51.21,22.66,4.53
images/sample_1924.ppm,Nuwara Eliya,Maha,Banana,5.15,103.71,14.36,65.79,20.24,1.85
images/sample_1925.ppm,Matara,Inter-monsoon,Maize,5.9,199.24,31.22,103.29,57.11,5.44
images/sample_1926.ppm,Anuradhapura,Maha,Carrot,6.59,97.48,33.41,50.91,13.86,4.08
images/sample_1927.ppm,Nuwara Eliya,Maha,Paddy,6.92,105.75,13.91,53.71,25.4,1.59
images/sample_1928.ppm,Badulla,Yala,Tomato,6.18,102.96,17.27,55.78,21.45,1.89
images/sample_1929.ppm,Kegalle,Maha,Cabbage,6.19,144.72,18.12,84.21,39.58,2.64
images/sample_1930.ppm,Badulla,Inter-monsoon,Potato,5.3,162.59,41.13,86.87,40.1,6.1
images/sample_1931.ppm,Badulla,Inter-monsoon,Chilli,5.21,160.89,39.6,76.29,32.82,5.37
images/sample_1932.ppm,Vavuniya,Inter-monsoon,Potato,5.66,95.63,20.72,67.86,26.66,1.5
images/sample_1933.ppm,Jaffna,Yala,Chilli,6.74,78.31,27.15,38.5,10.05,3.15
images/sample_1934.ppm,Kandy,Inter-monsoon,Cabbage,5.09,110.35,39.69,51.46,17.51,5.36
images/sample_1935.ppm,Hambantota,Inter-monsoon,Maize,6.89,166.1,26.46,99.14,54.32,2.51
images/sample_1936.ppm,Kandy,Maha,Cabbage,6.13,187.19,38.43,99.22,45.83,5.75
images/sample_1937.ppm,Matale,Inter-monsoon,Tomato,6.9,97.01,14.49,73.79,25.93,2.08
images/sample_1938.ppm,Gampaha,Maha,Paddy,7.01,127.99,20.88,98.72,42.16,1.49
images/sample_1939.ppm,Gampaha,Inter-monsoon,Tomato,6.44,128.7,28.65,71.56,29.83,3.11
images/sample_1940.ppm,Nuwara Eliya,Maha,Paddy,6.54,129.47,23.02,74.1,35.81,1.87
images/sample_1941.ppm,Kegalle,Yala,Banana,6.53,93.94,12.61,51.37,23.14,1.1
images/sample_1942.ppm,Colombo,Inter-monsoon,Cabbage,6.17,122.99,39.18,51.06,18.26,5.64
images/sample_1943.ppm,Nuwara Eliya,Yala,Cabbage,6.14,165.63,40.4,70.89,36.6,5.5
images/sample_1944.ppm,Moneragala,Inter-monsoon,Banana,6.17,118.31,37.77,50.37,19.8,4.6
images/sample_1945.ppm,Jaffna,Inter-monsoon,Chilli,5.81,142.33,20.53,88.71,39.37,2.46
images/sample_1946.ppm,Gampaha,Inter-monsoon,Paddy,6.17,187.34,39.59,97.2,48.57,4.98
images/sample_1947.ppm,Puttalam,Yala,Carrot,5.53,107.97,29.39,48.93,10.17,4.55
images/sample_1948.ppm,Jaffna,Inter-monsoon,Carrot,6.64,141.01,31.63,78.5,29.5,4.38
images/sample_1949.ppm,Colombo,Yala,Carrot,7.53,125.51,36.84,73.54,24.91,5.44
images/sample_1950.ppm,Kalutara,Inter-monsoon,Banana,6.54,128.95,41.68,46.6,11.6,6.19
images/sample_1951.ppm,Vavuniya,Yala,Paddy,5.87,139.04,21.34,89.62,43.0,2.99
images/sample_1952.ppm,Ratnapura,Yala,Cabbage,6.32,73.75,21.3,35.48,11.49,2.0
images/sample_1953.ppm,Matara,Inter-monsoon,Paddy,5.39,113.64,35.83,32.88,10.36,6.07
images/sample_1954.ppm,Moneragala,Inter-monsoon,Tomato,6.34,142.03,46.4,47.08,18.45,6.37
images/sample_1955.ppm,Mannar,Inter-monsoon,Tomato,5.68,205.44,42.33,106.47,52.94,6.13
images/sample_1956.ppm,Jaffna,Maha,Paddy,5.13,164.21,23.81,96.46,47.52,3.3
images/sample_1957.ppm,Puttalam,Inter-monsoon,Paddy,7.28,124.61,16.81,91.49,36.81,1.31
images/sample_1958.ppm,Ampara,Inter-monsoon,Potato,6.26,119.48,17.24,84.78,35.99,2.26
images/sample_1959.ppm,Polonnaruwa,Yala,Chilli,5.43,99.07,20.57,57.17,14.34,3.19
images/sample_1960.ppm,Colombo,Inter-monsoon,Maize,7.48,164.59,22.22,108.65,55.01,2.81
images/sample_1961.ppm,Badulla,Yala,Cabbage,7.38,77.74,11.4,51.05,17.42,1.7
images/sample_1962.ppm,Batticaloa,Maha,Paddy,6.39,133.45,24.82,69.47,35.56,2.1
images/sample_1963.ppm,Anuradhapura,Inter-monsoon,Maize,6.69,128.5,35.16,39.47,16.14,5.3
images/sample_1964.ppm,Kandy,Inter-monsoon,Paddy,4.99,88.69,12.05,59.4,25.25,1.51
images/sample_1965.ppm,Ratnapura,Yala,Maize,5.57,176.63,34.25,100.7,50.14,3.9
images/sample_1966.ppm,Batticaloa,Maha,Banana,6.6,180.0,37.33,77.87,41.37,5.54
images/sample_1967.ppm,Kandy,Inter-monsoon,Banana,5.82,137.96,36.67,79.5,28.94,4.93
images/sample_1968.ppm,Anuradhapura,Yala,Cabbage,5.0,135.14,30.07,69.85,36.16,4.15
images/sample_1969.ppm,Anuradhapura,Inter-monsoon,Chilli,5.34,160.48,15.77,111.0,53.91,1.45
images/sample_1970.ppm,Puttalam,Yala,Maize,6.05,153.77,34.76,69.19,30.94,5.99
images/sample_1971.ppm,Mannar,Inter-monsoon,Cabbage,6.48,115.05,20.29,78.39,32.9,2.42
images/sample_1972.ppm,Galle,Yala,Potato,6.81,97.66,21.51,51.54,23.94,2.87
images/sample_1973.ppm,Nuwara Eliya,Yala,Cabbage,6.57,114.46,28.03,50.31,21.25,3.67
images/sample_1974.ppm,Ratnapura,Yala,Paddy,7.29,178.7,27.78,105.02,52.35,3.46
images/sample_1975.ppm,Hambantota,Inter-monsoon,Chilli,6.77,164.71,20.15,102.37,52.19,2.19
images/sample_1976.ppm,Anuradhapura,Maha,Maize,5.49,98.34,14.34,67.94,23.56,2.25
images/sample_1977.ppm,Puttalam,Maha,Paddy,5.01,124.77,18.17,70.3,32.36,2.6
images/sample_1978.ppm,Trincomalee,Maha,Maize,6.96,104.35,37.92,42.2,14.02,4.87
images/sample_1979.ppm,Kalutara,Yala,Carrot,5.24,110.39,33.26,46.9,10.87,5.92
images/sample_1980.ppm,Kurunegala,Inter-monsoon,Potato,5.12,179.26,33.73,94.92,52.45,5.38
images/sample_1981.ppm,Kegalle,Yala,Maize,7.54,107.52,31.15,50.45,18.41,4.36
images/sample_1982.ppm,Kilinochchi,Yala,Chilli,6.55,168.92,18.16,91.42,50.57,2.81
images/sample_1983.ppm,Matale,Maha,Banana,7.59,123.77,37.76,52.51,17.54,5.32
images/sample_1984.ppm,Hambantota,Maha,Carrot,7.32,187.05,39.25,90.58,44.57,5.63
images/sample_1985.ppm,Hambantota,Maha,Carrot,7.01,103.75,21.99,77.26,30.0,1.99
images/sample_1986.ppm,Badulla,Inter-monsoon,Maize,4.95,162.09,27.88,97.44,47.2,3.44
images/sample_1987.ppm,Mullaitivu,Maha,Chilli,6.06,76.23,21.13,51.95,10.17,3.13
images/sample_1988.ppm,Hambantota,Inter-monsoon,Carrot,6.5,171.49,38.24,87.93,46.89,5.18
images/sample_1989.ppm,Kalutara,Inter-monsoon,Cabbage,6.57,118.17,16.63,79.07,33.25,1.4
images/sample_1990.ppm,Mullaitivu,Maha,Cabbage,7.3,135.95,39.62,68.13,29.76,5.56
images/sample_1991.ppm,Mullaitivu,Inter-monsoon,Tomato,5.23,138.76,27.56,67.81,30.37,3.98
images/sample_1992.ppm,Kegalle,Inter-monsoon,Banana,5.42,91.24,25.77,57.22,21.49,2.6
images/sample_1993.ppm,Badulla,Inter-monsoon,Potato,6.65,128.28,42.79,66.89,21.9,6.31
images/sample_1994.ppm,Anuradhapura,Inter-monsoon,Chilli,7.49,175.9,24.1,119.22,56.6,3.48
images/sample_1995.ppm,Kandy,Inter-monsoon,Chilli,6.32,86.8,20.26,35.99,10.7,3.28
images/sample_1996.ppm,Mannar,Maha,Potato,5.02,154.02,21.05,94.23,50.96,2.97
images/sample_1997.ppm,Trincomalee,Yala,Maize,6.33,145.52,16.27,104.15,49.37,1.25
images/sample_1998.ppm,Hambantota,Inter-monsoon,Chilli,7.54,84.13,32.82,54.19,11.79,3.78
images/sample_1999.ppm,Kilinochchi,Inter-monsoon,Cabbage,7.66,126.84,34.42,70.21,25.27,5.03
images/sample_2000.ppm,Kilinochchi,Inter-monsoon,Banana,6.51,76.75,11.68,53.9,14.16,1.22
