class,count,percentage
UP,7403,51.62842597112769
DOWN,6936,48.3715740288723
