threshold,DOWN_%,UP_%,row_count
0.02,48.74476987447699,51.25523012552301,16252
0.03,48.616271620755924,51.383728379244076,15610
0.05,48.3715740288723,51.62842597112769,14339
0.07,47.971835297719274,52.02816470228073,13066
0.1,47.195013357079254,52.804986642920746,11230
